Bogotá D.C. (CT),LLAVE MAESTRA,01/06/2023,NO APLICA,NO APLICA,HURTO ENTIDADES COMERCIALES,1
Tena,SIN EMPLEO DE ARMAS,01/06/2023,MASCULINO,ADULTOS,HURTO RESIDENCIAS,1
Fusagasugá,SIN EMPLEO DE ARMAS,01/06/2023,MASCULINO,ADULTOS,HURTO RESIDENCIAS,1
Fusagasugá,SIN EMPLEO DE ARMAS,01/06/2023,FEMENINO,ADULTOS,HURTO RESIDENCIAS,1
Bogotá D.C. (CT),CONTUNDENTES,01/06/2023,NO APLICA,NO APLICA,HURTO ENTIDADES COMERCIALES,2
Funza,SIN EMPLEO DE ARMAS,01/06/2023,FEMENINO,ADULTOS,HURTO RESIDENCIAS,1
El Colegio,SIN EMPLEO DE ARMAS,01/06/2023,MASCULINO,ADULTOS,HURTO RESIDENCIAS,1
El Colegio,SIN EMPLEO DE ARMAS,01/06/2023,FEMENINO,ADULTOS,HURTO RESIDENCIAS,1
Bogotá D.C. (CT),PALANCAS,01/06/2023,MASCULINO,ADULTOS,HURTO RESIDENCIAS,1
Bogotá D.C. (CT),SIN EMPLEO DE ARMAS,01/06/2023,FEMENINO,ADULTOS,HURTO RESIDENCIAS,8
Bogotá D.C. (CT),ARMA DE FUEGO,01/06/2023,MASCULINO,ADULTOS,HURTO RESIDENCIAS,1
Silvania,SIN EMPLEO DE ARMAS,01/06/2023,FEMENINO,ADULTOS,HURTO RESIDENCIAS,1
Bogotá D.C. (CT),LLAVE MAESTRA,01/06/2023,FEMENINO,ADULTOS,HURTO RESIDENCIAS,1
Soacha,SIN EMPLEO DE ARMAS,01/06/2023,FEMENINO,ADULTOS,HURTO RESIDENCIAS,2
Bogotá D.C. (CT),PALANCAS,01/06/2023,FEMENINO,ADULTOS,HURTO RESIDENCIAS,3
Bogotá D.C. (CT),SIN EMPLEO DE ARMAS,01/06/2023,MASCULINO,ADULTOS,HURTO RESIDENCIAS,14
Zipaquirá,SIN EMPLEO DE ARMAS,01/06/2023,FEMENINO,ADULTOS,HURTO RESIDENCIAS,1
Funza,SIN EMPLEO DE ARMAS,01/06/2023,NO APLICA,NO APLICA,HURTO ENTIDADES COMERCIALES,1
Soacha,SIN EMPLEO DE ARMAS,01/06/2023,MASCULINO,ADULTOS,HURTO RESIDENCIAS,1
Bogotá D.C. (CT),SIN EMPLEO DE ARMAS,01/06/2023,NO APLICA,NO APLICA,HURTO ENTIDADES COMERCIALES,23
Bogotá D.C. (CT),ARMA BLANCA / CORTOPUNZANTE,01/06/2023,NO APLICA,NO APLICA,HURTO ENTIDADES COMERCIALES,2
Mosquera,SIN EMPLEO DE ARMAS,01/06/2023,NO APLICA,NO APLICA,HURTO ENTIDADES COMERCIALES,1
Girardot,SIN EMPLEO DE ARMAS,01/06/2023,MASCULINO,ADULTOS,HURTO RESIDENCIAS,3
Girardot,SIN EMPLEO DE ARMAS,01/06/2023,FEMENINO,ADULTOS,HURTO RESIDENCIAS,1
Soacha,SIN EMPLEO DE ARMAS,01/06/2023,NO APLICA,NO APLICA,HURTO ENTIDADES COMERCIALES,1
Carmen de Carupa,SIN EMPLEO DE ARMAS,01/06/2023,MASCULINO,ADULTOS,HURTO RESIDENCIAS,1
Bogotá D.C. (CT),ARMA DE FUEGO,01/06/2023,NO APLICA,NO APLICA,HURTO ENTIDADES COMERCIALES,1
Suesca,SIN EMPLEO DE ARMAS,01/06/2023,FEMENINO,ADULTOS,HURTO RESIDENCIAS,1
Bogotá D.C. (CT),LLAVE MAESTRA,02/06/2023,MASCULINO,ADULTOS,HURTO RESIDENCIAS,1
Bogotá D.C. (CT),PALANCAS,02/06/2023,FEMENINO,ADULTOS,HURTO RESIDENCIAS,1
Ricaurte,SIN EMPLEO DE ARMAS,02/06/2023,MASCULINO,ADULTOS,HURTO RESIDENCIAS,1
Une,SIN EMPLEO DE ARMAS,02/06/2023,FEMENINO,ADULTOS,HURTO RESIDENCIAS,1
Zipaquirá,SIN EMPLEO DE ARMAS,02/06/2023,FEMENINO,ADULTOS,HURTO RESIDENCIAS,1
Bogotá D.C. (CT),ARMA BLANCA / CORTOPUNZANTE,02/06/2023,NO APLICA,NO APLICA,HURTO ENTIDADES COMERCIALES,1
Bogotá D.C. (CT),ARMA DE FUEGO,02/06/2023,NO APLICA,NO APLICA,HURTO ENTIDADES COMERCIALES,3
Fusagasugá,SIN EMPLEO DE ARMAS,02/06/2023,MASCULINO,ADULTOS,HURTO RESIDENCIAS,1
Bogotá D.C. (CT),CONTUNDENTES,02/06/2023,NO APLICA,NO APLICA,HURTO ENTIDADES COMERCIALES,1
Bogotá D.C. (CT),NO REPORTADO,02/06/2023,NO APLICA,NO APLICA,HURTO ENTIDADES COMERCIALES,1
Chía,SIN EMPLEO DE ARMAS,02/06/2023,FEMENINO,ADULTOS,HURTO RESIDENCIAS,1
Soacha,SIN EMPLEO DE ARMAS,02/06/2023,NO APLICA,NO APLICA,HURTO ENTIDADES COMERCIALES,1
Bogotá D.C. (CT),LLAVE MAESTRA,02/06/2023,NO APLICA,NO APLICA,HURTO ENTIDADES COMERCIALES,1
Bogotá D.C. (CT),PALANCAS,02/06/2023,NO APLICA,NO APLICA,HURTO ENTIDADES COMERCIALES,4
Bogotá D.C. (CT),SIN EMPLEO DE ARMAS,02/06/2023,NO APLICA,NO APLICA,HURTO ENTIDADES COMERCIALES,24
Bogotá D.C. (CT),SIN EMPLEO DE ARMAS,02/06/2023,MASCULINO,ADULTOS,HURTO RESIDENCIAS,4
Bogotá D.C. (CT),SIN EMPLEO DE ARMAS,02/06/2023,FEMENINO,ADULTOS,HURTO RESIDENCIAS,4
Bogotá D.C. (CT),LLAVE MAESTRA,02/06/2023,FEMENINO,ADULTOS,HURTO RESIDENCIAS,3
Bogotá D.C. (CT),PALANCAS,02/06/2023,MASCULINO,ADULTOS,HURTO RESIDENCIAS,1
Chía,SIN EMPLEO DE ARMAS,02/06/2023,NO APLICA,NO APLICA,HURTO ENTIDADES COMERCIALES,1
Facatativá,SIN EMPLEO DE ARMAS,02/06/2023,NO APLICA,NO APLICA,HURTO ENTIDADES COMERCIALES,1
La Calera,SIN EMPLEO DE ARMAS,03/06/2023,FEMENINO,ADULTOS,HURTO RESIDENCIAS,1
Paratebueno,SIN EMPLEO DE ARMAS,03/06/2023,MASCULINO,ADULTOS,HURTO RESIDENCIAS,1
Bogotá D.C. (CT),SIN EMPLEO DE ARMAS,03/06/2023,NO APLICA,NO APLICA,HURTO ENTIDADES COMERCIALES,14
Bogotá D.C. (CT),SIN EMPLEO DE ARMAS,03/06/2023,MASCULINO,ADULTOS,HURTO RESIDENCIAS,11
Zipaquirá,SIN EMPLEO DE ARMAS,03/06/2023,MASCULINO,ADULTOS,HURTO RESIDENCIAS,1
Bogotá D.C. (CT),SIN EMPLEO DE ARMAS,03/06/2023,FEMENINO,ADULTOS,HURTO RESIDENCIAS,6
Soacha,SIN EMPLEO DE ARMAS,03/06/2023,MASCULINO,ADULTOS,HURTO RESIDENCIAS,2
Girardot,PALANCAS,03/06/2023,FEMENINO,ADULTOS,HURTO RESIDENCIAS,1
Funza,SIN EMPLEO DE ARMAS,03/06/2023,MASCULINO,ADULTOS,HURTO RESIDENCIAS,1
Villeta,SIN EMPLEO DE ARMAS,03/06/2023,MASCULINO,ADULTOS,HURTO RESIDENCIAS,1
Mosquera,SIN EMPLEO DE ARMAS,03/06/2023,MASCULINO,ADULTOS,HURTO RESIDENCIAS,1
Bogotá D.C. (CT),CONTUNDENTES,03/06/2023,NO APLICA,NO APLICA,HURTO ENTIDADES COMERCIALES,1
Bogotá D.C. (CT),ARMA DE FUEGO,03/06/2023,NO APLICA,NO APLICA,HURTO ENTIDADES COMERCIALES,5
Chía,SIN EMPLEO DE ARMAS,03/06/2023,MASCULINO,ADULTOS,HURTO RESIDENCIAS,1
Tocancipá,SIN EMPLEO DE ARMAS,03/06/2023,FEMENINO,ADULTOS,HURTO RESIDENCIAS,1
Soacha,SIN EMPLEO DE ARMAS,03/06/2023,FEMENINO,ADULTOS,HURTO RESIDENCIAS,1
Bogotá D.C. (CT),PALANCAS,03/06/2023,MASCULINO,ADULTOS,HURTO RESIDENCIAS,1
Bogotá D.C. (CT),CONTUNDENTES,03/06/2023,MASCULINO,ADULTOS,HURTO RESIDENCIAS,5
Fusagasugá,SIN EMPLEO DE ARMAS,03/06/2023,NO APLICA,NO APLICA,HURTO ENTIDADES COMERCIALES,1
Cajicá,SIN EMPLEO DE ARMAS,03/06/2023,MASCULINO,ADULTOS,HURTO RESIDENCIAS,1
Bogotá D.C. (CT),ARMA DE FUEGO,03/06/2023,FEMENINO,ADULTOS,HURTO RESIDENCIAS,1
Bogotá D.C. (CT),PALANCAS,04/06/2023,MASCULINO,ADULTOS,HURTO RESIDENCIAS,1
Soacha,SIN EMPLEO DE ARMAS,04/06/2023,FEMENINO,ADULTOS,HURTO RESIDENCIAS,1
Bogotá D.C. (CT),CONTUNDENTES,04/06/2023,FEMENINO,ADULTOS,HURTO RESIDENCIAS,1
Bogotá D.C. (CT),ESCOPOLAMINA,04/06/2023,MASCULINO,ADULTOS,HURTO RESIDENCIAS,3
Mosquera,SIN EMPLEO DE ARMAS,04/06/2023,NO APLICA,NO APLICA,HURTO ENTIDADES COMERCIALES,1
Bogotá D.C. (CT),LLAVE MAESTRA,04/06/2023,FEMENINO,ADULTOS,HURTO RESIDENCIAS,1
Bogotá D.C. (CT),PALANCAS,04/06/2023,FEMENINO,ADULTOS,HURTO RESIDENCIAS,1
Funza,SIN EMPLEO DE ARMAS,04/06/2023,NO APLICA,NO APLICA,HURTO ENTIDADES COMERCIALES,1
Chía,SIN EMPLEO DE ARMAS,04/06/2023,NO APLICA,NO APLICA,HURTO ENTIDADES COMERCIALES,2
Bogotá D.C. (CT),SIN EMPLEO DE ARMAS,04/06/2023,FEMENINO,ADULTOS,HURTO RESIDENCIAS,1
Bogotá D.C. (CT),SIN EMPLEO DE ARMAS,04/06/2023,MASCULINO,ADULTOS,HURTO RESIDENCIAS,7
Bogotá D.C. (CT),NO REPORTADO,04/06/2023,NO APLICA,NO APLICA,HURTO ENTIDADES COMERCIALES,1
Bogotá D.C. (CT),SIN EMPLEO DE ARMAS,04/06/2023,NO APLICA,NO APLICA,HURTO ENTIDADES COMERCIALES,14
Bogotá D.C. (CT),PALANCAS,04/06/2023,NO APLICA,NO APLICA,HURTO ENTIDADES COMERCIALES,3
Bogotá D.C. (CT),LLAVE MAESTRA,04/06/2023,NO APLICA,NO APLICA,HURTO ENTIDADES COMERCIALES,1
Soacha,CONTUNDENTES,04/06/2023,NO APLICA,NO APLICA,HURTO ENTIDADES COMERCIALES,1
Bogotá D.C. (CT),CONTUNDENTES,04/06/2023,NO APLICA,NO APLICA,HURTO ENTIDADES COMERCIALES,1
Funza,SIN EMPLEO DE ARMAS,04/06/2023,FEMENINO,ADULTOS,HURTO RESIDENCIAS,1
Girardot,SIN EMPLEO DE ARMAS,04/06/2023,MASCULINO,ADULTOS,HURTO RESIDENCIAS,2
Nimaima,SIN EMPLEO DE ARMAS,04/06/2023,MASCULINO,ADULTOS,HURTO RESIDENCIAS,1
Suesca,SIN EMPLEO DE ARMAS,04/06/2023,FEMENINO,ADULTOS,HURTO RESIDENCIAS,1
Bogotá D.C. (CT),PALANCAS,05/06/2023,FEMENINO,ADULTOS,HURTO RESIDENCIAS,1
Bogotá D.C. (CT),SIN EMPLEO DE ARMAS,05/06/2023,MASCULINO,ADULTOS,HURTO RESIDENCIAS,4
Bogotá D.C. (CT),CONTUNDENTES,05/06/2023,NO APLICA,NO APLICA,HURTO ENTIDADES COMERCIALES,2
Bogotá D.C. (CT),SIN EMPLEO DE ARMAS,05/06/2023,FEMENINO,ADULTOS,HURTO RESIDENCIAS,2
Bogotá D.C. (CT),ARMA BLANCA / CORTOPUNZANTE,05/06/2023,NO APLICA,NO APLICA,HURTO ENTIDADES COMERCIALES,2
Soacha,SIN EMPLEO DE ARMAS,05/06/2023,MASCULINO,ADULTOS,HURTO RESIDENCIAS,1
Soacha,SIN EMPLEO DE ARMAS,05/06/2023,FEMENINO,ADULTOS,HURTO RESIDENCIAS,2
Bogotá D.C. (CT),SIN EMPLEO DE ARMAS,05/06/2023,NO APLICA,NO APLICA,HURTO ENTIDADES COMERCIALES,18
Bogotá D.C. (CT),ARMA BLANCA / CORTOPUNZANTE,05/06/2023,FEMENINO,ADULTOS,HURTO RESIDENCIAS,1
Bogotá D.C. (CT),PALANCAS,05/06/2023,NO APLICA,NO APLICA,HURTO ENTIDADES COMERCIALES,1
Bogotá D.C. (CT),ARMA DE FUEGO,05/06/2023,NO APLICA,NO APLICA,HURTO ENTIDADES COMERCIALES,4
Anapoima,NO REPORTADO,05/06/2023,MASCULINO,ADULTOS,HURTO RESIDENCIAS,1
Sibaté,SIN EMPLEO DE ARMAS,05/06/2023,MASCULINO,ADULTOS,HURTO RESIDENCIAS,1
Albán,PALANCAS,05/06/2023,MASCULINO,ADULTOS,HURTO RESIDENCIAS,1
Bogotá D.C. (CT),SIN EMPLEO DE ARMAS,06/06/2023,NO APLICA,NO APLICA,HURTO ENTIDADES COMERCIALES,32
Bogotá D.C. (CT),ARMA DE FUEGO,06/06/2023,MASCULINO,ADULTOS,HURTO RESIDENCIAS,1
Bogotá D.C. (CT),PALANCAS,06/06/2023,MASCULINO,ADULTOS,HURTO RESIDENCIAS,1
Funza,SIN EMPLEO DE ARMAS,06/06/2023,NO APLICA,NO APLICA,HURTO ENTIDADES COMERCIALES,1
Mosquera,SIN EMPLEO DE ARMAS,06/06/2023,NO APLICA,NO APLICA,HURTO ENTIDADES COMERCIALES,1
Bogotá D.C. (CT),LLAVE MAESTRA,06/06/2023,MASCULINO,ADULTOS,HURTO RESIDENCIAS,3
Bogotá D.C. (CT),ARMA DE FUEGO,06/06/2023,NO APLICA,NO APLICA,HURTO ENTIDADES COMERCIALES,2
Bogotá D.C. (CT),PALANCAS,06/06/2023,FEMENINO,ADULTOS,HURTO RESIDENCIAS,1
Soacha,SIN EMPLEO DE ARMAS,06/06/2023,MASCULINO,ADULTOS,HURTO RESIDENCIAS,1
La Mesa,SIN EMPLEO DE ARMAS,06/06/2023,MASCULINO,ADULTOS,HURTO RESIDENCIAS,1
Chía,SIN EMPLEO DE ARMAS,06/06/2023,MASCULINO,ADULTOS,HURTO RESIDENCIAS,1
Chía,SIN EMPLEO DE ARMAS,06/06/2023,FEMENINO,ADULTOS,HURTO RESIDENCIAS,1
Guaduas,SIN EMPLEO DE ARMAS,06/06/2023,NO APLICA,NO APLICA,HURTO ENTIDADES COMERCIALES,1
Agua de Dios,SIN EMPLEO DE ARMAS,06/06/2023,FEMENINO,ADULTOS,HURTO RESIDENCIAS,1
Funza,SIN EMPLEO DE ARMAS,06/06/2023,MASCULINO,ADULTOS,HURTO RESIDENCIAS,1
Girardot,SIN EMPLEO DE ARMAS,06/06/2023,MASCULINO,ADULTOS,HURTO RESIDENCIAS,1
San Antonio del Tequendama,NO REPORTADO,06/06/2023,MASCULINO,ADULTOS,HURTO RESIDENCIAS,1
Bogotá D.C. (CT),SIN EMPLEO DE ARMAS,06/06/2023,MASCULINO,ADULTOS,HURTO RESIDENCIAS,5
Facatativá,SIN EMPLEO DE ARMAS,06/06/2023,FEMENINO,ADULTOS,HURTO RESIDENCIAS,1
Bogotá D.C. (CT),SIN EMPLEO DE ARMAS,06/06/2023,FEMENINO,ADULTOS,HURTO RESIDENCIAS,4
Bogotá D.C. (CT),PALANCAS,07/06/2023,FEMENINO,ADULTOS,HURTO RESIDENCIAS,1
Bogotá D.C. (CT),ARMA DE FUEGO,07/06/2023,NO APLICA,NO APLICA,HURTO ENTIDADES COMERCIALES,4
Funza,SIN EMPLEO DE ARMAS,07/06/2023,MASCULINO,ADULTOS,HURTO RESIDENCIAS,1
Funza,SIN EMPLEO DE ARMAS,07/06/2023,FEMENINO,ADULTOS,HURTO RESIDENCIAS,1
Paratebueno,SIN EMPLEO DE ARMAS,07/06/2023,MASCULINO,ADULTOS,HURTO RESIDENCIAS,1
Tenjo,SIN EMPLEO DE ARMAS,07/06/2023,MASCULINO,ADULTOS,HURTO RESIDENCIAS,1
Facatativá,SIN EMPLEO DE ARMAS,07/06/2023,NO APLICA,NO APLICA,HURTO ENTIDADES COMERCIALES,1
Cota,SIN EMPLEO DE ARMAS,07/06/2023,NO APLICA,NO APLICA,HURTO ENTIDADES COMERCIALES,1
Mosquera,SIN EMPLEO DE ARMAS,07/06/2023,FEMENINO,ADULTOS,HURTO RESIDENCIAS,1
Bogotá D.C. (CT),ARMA DE FUEGO,07/06/2023,MASCULINO,ADULTOS,HURTO RESIDENCIAS,1
Madrid,PALANCAS,07/06/2023,MASCULINO,ADULTOS,HURTO RESIDENCIAS,1
Bogotá D.C. (CT),LLAVE MAESTRA,07/06/2023,FEMENINO,ADULTOS,HURTO RESIDENCIAS,1
Macheta,SIN EMPLEO DE ARMAS,07/06/2023,FEMENINO,ADULTOS,HURTO RESIDENCIAS,1
La Mesa,SIN EMPLEO DE ARMAS,07/06/2023,MASCULINO,ADULTOS,HURTO RESIDENCIAS,1
Bogotá D.C. (CT),SIN EMPLEO DE ARMAS,07/06/2023,FEMENINO,ADULTOS,HURTO RESIDENCIAS,2
Bogotá D.C. (CT),SIN EMPLEO DE ARMAS,07/06/2023,MASCULINO,ADULTOS,HURTO RESIDENCIAS,5
Bogotá D.C. (CT),PALANCAS,07/06/2023,MASCULINO,ADULTOS,HURTO RESIDENCIAS,1
Bogotá D.C. (CT),CONTUNDENTES,07/06/2023,NO APLICA,NO APLICA,HURTO ENTIDADES COMERCIALES,1
Chía,SIN EMPLEO DE ARMAS,07/06/2023,FEMENINO,ADULTOS,HURTO RESIDENCIAS,1
Bogotá D.C. (CT),SIN EMPLEO DE ARMAS,07/06/2023,NO APLICA,NO APLICA,HURTO ENTIDADES COMERCIALES,21
Bogotá D.C. (CT),PALANCAS,08/06/2023,MASCULINO,ADULTOS,HURTO RESIDENCIAS,2
Bogotá D.C. (CT),PALANCAS,08/06/2023,NO APLICA,NO APLICA,HURTO ENTIDADES COMERCIALES,1
Susa,SIN EMPLEO DE ARMAS,08/06/2023,FEMENINO,ADULTOS,HURTO RESIDENCIAS,1
Chocontá,SIN EMPLEO DE ARMAS,08/06/2023,MASCULINO,ADULTOS,HURTO RESIDENCIAS,1
Bogotá D.C. (CT),SIN EMPLEO DE ARMAS,08/06/2023,FEMENINO,ADULTOS,HURTO RESIDENCIAS,1
Bogotá D.C. (CT),SIN EMPLEO DE ARMAS,08/06/2023,MASCULINO,ADULTOS,HURTO RESIDENCIAS,5
Silvania,SIN EMPLEO DE ARMAS,08/06/2023,NO APLICA,NO APLICA,HURTO ENTIDADES COMERCIALES,1
Bogotá D.C. (CT),LLAVE MAESTRA,08/06/2023,MASCULINO,ADULTOS,HURTO RESIDENCIAS,1
El Colegio,SIN EMPLEO DE ARMAS,08/06/2023,FEMENINO,ADULTOS,HURTO RESIDENCIAS,1
Bogotá D.C. (CT),ARMA BLANCA / CORTOPUNZANTE,08/06/2023,FEMENINO,ADULTOS,HURTO RESIDENCIAS,2
Bogotá D.C. (CT),CONTUNDENTES,08/06/2023,FEMENINO,ADULTOS,HURTO RESIDENCIAS,1
Bogotá D.C. (CT),PALANCAS,08/06/2023,FEMENINO,ADULTOS,HURTO RESIDENCIAS,1
Bogotá D.C. (CT),SIN EMPLEO DE ARMAS,08/06/2023,NO APLICA,NO APLICA,HURTO ENTIDADES COMERCIALES,29
Madrid,SIN EMPLEO DE ARMAS,08/06/2023,MASCULINO,ADULTOS,HURTO RESIDENCIAS,1
Bogotá D.C. (CT),PALANCAS,08/06/2023,FEMENINO,MENORES,HURTO RESIDENCIAS,1
Bogotá D.C. (CT),ARMA DE FUEGO,08/06/2023,NO APLICA,NO APLICA,HURTO ENTIDADES COMERCIALES,3
Fusagasugá,SIN EMPLEO DE ARMAS,08/06/2023,NO APLICA,NO APLICA,HURTO ENTIDADES COMERCIALES,1
Bogotá D.C. (CT),LLAVE MAESTRA,08/06/2023,FEMENINO,ADULTOS,HURTO RESIDENCIAS,1
Anolaima,SIN EMPLEO DE ARMAS,08/06/2023,MASCULINO,ADULTOS,HURTO RESIDENCIAS,1
La Mesa,SIN EMPLEO DE ARMAS,08/06/2023,MASCULINO,ADULTOS,HURTO RESIDENCIAS,1
Fusagasugá,SIN EMPLEO DE ARMAS,08/06/2023,FEMENINO,ADULTOS,HURTO RESIDENCIAS,1
El Rosal,SIN EMPLEO DE ARMAS,08/06/2023,NO APLICA,NO APLICA,HURTO ENTIDADES COMERCIALES,1
Anapoima,SIN EMPLEO DE ARMAS,09/06/2023,FEMENINO,ADULTOS,HURTO RESIDENCIAS,1
Villeta,SIN EMPLEO DE ARMAS,09/06/2023,MASCULINO,ADULTOS,HURTO RESIDENCIAS,1
Bogotá D.C. (CT),LLAVE MAESTRA,09/06/2023,FEMENINO,ADULTOS,HURTO RESIDENCIAS,2
Mosquera,SIN EMPLEO DE ARMAS,09/06/2023,FEMENINO,ADULTOS,HURTO RESIDENCIAS,1
Bogotá D.C. (CT),ESCOPOLAMINA,09/06/2023,MASCULINO,ADULTOS,HURTO RESIDENCIAS,1
Mosquera,SIN EMPLEO DE ARMAS,09/06/2023,NO APLICA,NO APLICA,HURTO ENTIDADES COMERCIALES,1
Soacha,SIN EMPLEO DE ARMAS,09/06/2023,MASCULINO,ADULTOS,HURTO RESIDENCIAS,1
Tabio,ARMA DE FUEGO,09/06/2023,NO APLICA,NO APLICA,HURTO ENTIDADES COMERCIALES,1
Facatativá,SIN EMPLEO DE ARMAS,09/06/2023,FEMENINO,ADULTOS,HURTO RESIDENCIAS,1
Bogotá D.C. (CT),LLAVE MAESTRA,09/06/2023,MASCULINO,ADULTOS,HURTO RESIDENCIAS,2
Fusagasugá,SIN EMPLEO DE ARMAS,09/06/2023,MASCULINO,ADULTOS,HURTO RESIDENCIAS,1
Bogotá D.C. (CT),SIN EMPLEO DE ARMAS,09/06/2023,FEMENINO,ADULTOS,HURTO RESIDENCIAS,9
Bogotá D.C. (CT),SIN EMPLEO DE ARMAS,09/06/2023,MASCULINO,ADULTOS,HURTO RESIDENCIAS,2
Bogotá D.C. (CT),SIN EMPLEO DE ARMAS,09/06/2023,NO APLICA,NO APLICA,HURTO ENTIDADES COMERCIALES,21
Guaduas,SIN EMPLEO DE ARMAS,09/06/2023,MASCULINO,ADULTOS,HURTO RESIDENCIAS,1
Tabio,SIN EMPLEO DE ARMAS,09/06/2023,NO APLICA,NO APLICA,HURTO ENTIDADES COMERCIALES,1
Bogotá D.C. (CT),PALANCAS,09/06/2023,NO APLICA,NO APLICA,HURTO ENTIDADES COMERCIALES,1
Bogotá D.C. (CT),PALANCAS,09/06/2023,MASCULINO,ADULTOS,HURTO RESIDENCIAS,2
Paratebueno,SIN EMPLEO DE ARMAS,09/06/2023,MASCULINO,ADULTOS,HURTO RESIDENCIAS,1
Madrid,SIN EMPLEO DE ARMAS,09/06/2023,NO APLICA,NO APLICA,HURTO ENTIDADES COMERCIALES,1
Gachetá,SIN EMPLEO DE ARMAS,09/06/2023,FEMENINO,ADULTOS,HURTO RESIDENCIAS,1
Bogotá D.C. (CT),CONTUNDENTES,09/06/2023,MASCULINO,ADULTOS,HURTO RESIDENCIAS,3
Bogotá D.C. (CT),ARMA DE FUEGO,09/06/2023,NO APLICA,NO APLICA,HURTO ENTIDADES COMERCIALES,1
Bogotá D.C. (CT),ARMA DE FUEGO,10/06/2023,NO APLICA,NO APLICA,HURTO ENTIDADES COMERCIALES,4
Chía,SIN EMPLEO DE ARMAS,10/06/2023,FEMENINO,ADULTOS,HURTO RESIDENCIAS,2
Bogotá D.C. (CT),PALANCAS,10/06/2023,FEMENINO,ADULTOS,HURTO RESIDENCIAS,1
Bogotá D.C. (CT),PALANCAS,10/06/2023,MASCULINO,ADULTOS,HURTO RESIDENCIAS,2
Gachancipá,SIN EMPLEO DE ARMAS,10/06/2023,NO APLICA,NO APLICA,HURTO ENTIDADES COMERCIALES,1
Villeta,SIN EMPLEO DE ARMAS,10/06/2023,MASCULINO,ADULTOS,HURTO RESIDENCIAS,1
Zipaquirá,SIN EMPLEO DE ARMAS,10/06/2023,NO APLICA,NO APLICA,HURTO ENTIDADES COMERCIALES,2
La Calera,SIN EMPLEO DE ARMAS,10/06/2023,FEMENINO,ADULTOS,HURTO RESIDENCIAS,1
Bogotá D.C. (CT),ESCOPOLAMINA,10/06/2023,MASCULINO,ADULTOS,HURTO RESIDENCIAS,1
Soacha,SIN EMPLEO DE ARMAS,10/06/2023,MASCULINO,ADULTOS,HURTO RESIDENCIAS,2
Bogotá D.C. (CT),SIN EMPLEO DE ARMAS,10/06/2023,FEMENINO,ADULTOS,HURTO RESIDENCIAS,4
Bogotá D.C. (CT),SIN EMPLEO DE ARMAS,10/06/2023,MASCULINO,ADULTOS,HURTO RESIDENCIAS,4
Bogotá D.C. (CT),LLAVE MAESTRA,10/06/2023,MASCULINO,ADULTOS,HURTO RESIDENCIAS,1
Guasca,SIN EMPLEO DE ARMAS,10/06/2023,FEMENINO,ADULTOS,HURTO RESIDENCIAS,1
Bogotá D.C. (CT),ARMA BLANCA / CORTOPUNZANTE,10/06/2023,NO APLICA,NO APLICA,HURTO ENTIDADES COMERCIALES,2
Girardot,SIN EMPLEO DE ARMAS,10/06/2023,FEMENINO,ADULTOS,HURTO RESIDENCIAS,1
Bogotá D.C. (CT),CONTUNDENTES,10/06/2023,FEMENINO,ADULTOS,HURTO RESIDENCIAS,2
Fusagasugá,SIN EMPLEO DE ARMAS,10/06/2023,MASCULINO,ADULTOS,HURTO RESIDENCIAS,2
Bogotá D.C. (CT),SIN EMPLEO DE ARMAS,10/06/2023,NO APLICA,NO APLICA,HURTO ENTIDADES COMERCIALES,25
Bogotá D.C. (CT),CONTUNDENTES,10/06/2023,MASCULINO,ADULTOS,HURTO RESIDENCIAS,1
Bogotá D.C. (CT),LLAVE MAESTRA,10/06/2023,NO APLICA,NO APLICA,HURTO ENTIDADES COMERCIALES,1
Facatativá,SIN EMPLEO DE ARMAS,10/06/2023,FEMENINO,ADULTOS,HURTO RESIDENCIAS,1
Bogotá D.C. (CT),PALANCAS,10/06/2023,NO APLICA,NO APLICA,HURTO ENTIDADES COMERCIALES,2
El Rosal,ARMA DE FUEGO,10/06/2023,NO APLICA,NO APLICA,HURTO ENTIDADES COMERCIALES,1
Bogotá D.C. (CT),ARMA BLANCA / CORTOPUNZANTE,11/06/2023,NO APLICA,NO APLICA,HURTO ENTIDADES COMERCIALES,1
Bogotá D.C. (CT),LLAVE MAESTRA,11/06/2023,MASCULINO,ADULTOS,HURTO RESIDENCIAS,1
Bogotá D.C. (CT),PALANCAS,11/06/2023,MASCULINO,ADULTOS,HURTO RESIDENCIAS,2
Bogotá D.C. (CT),SIN EMPLEO DE ARMAS,11/06/2023,FEMENINO,ADULTOS,HURTO RESIDENCIAS,2
Bogotá D.C. (CT),SIN EMPLEO DE ARMAS,11/06/2023,MASCULINO,ADULTOS,HURTO RESIDENCIAS,6
Bogotá D.C. (CT),SIN EMPLEO DE ARMAS,11/06/2023,NO APLICA,NO APLICA,HURTO ENTIDADES COMERCIALES,12
Nemocón,SIN EMPLEO DE ARMAS,11/06/2023,NO APLICA,NO APLICA,HURTO ENTIDADES COMERCIALES,1
Facatativá,SIN EMPLEO DE ARMAS,11/06/2023,MASCULINO,ADULTOS,HURTO RESIDENCIAS,1
Funza,SIN EMPLEO DE ARMAS,11/06/2023,MASCULINO,ADULTOS,HURTO RESIDENCIAS,1
Bogotá D.C. (CT),ARMA DE FUEGO,11/06/2023,NO APLICA,NO APLICA,HURTO ENTIDADES COMERCIALES,1
Fusagasugá,SIN EMPLEO DE ARMAS,11/06/2023,FEMENINO,ADULTOS,HURTO RESIDENCIAS,1
Tenjo,ARMA BLANCA / CORTOPUNZANTE,11/06/2023,NO APLICA,NO APLICA,HURTO ENTIDADES COMERCIALES,1
Bogotá D.C. (CT),NO REPORTADO,11/06/2023,MASCULINO,ADULTOS,HURTO RESIDENCIAS,1
Tocaima,SIN EMPLEO DE ARMAS,11/06/2023,NO APLICA,NO APLICA,HURTO ENTIDADES COMERCIALES,1
Nilo,SIN EMPLEO DE ARMAS,11/06/2023,FEMENINO,ADULTOS,HURTO RESIDENCIAS,2
Soacha,SIN EMPLEO DE ARMAS,11/06/2023,MASCULINO,ADULTOS,HURTO RESIDENCIAS,1
La Calera,SIN EMPLEO DE ARMAS,11/06/2023,NO APLICA,NO APLICA,HURTO ENTIDADES COMERCIALES,1
Girardot,SIN EMPLEO DE ARMAS,11/06/2023,NO APLICA,NO APLICA,HURTO ENTIDADES COMERCIALES,1
Bogotá D.C. (CT),ARMA DE FUEGO,12/06/2023,NO APLICA,NO APLICA,HURTO ENTIDADES COMERCIALES,1
Funza,SIN EMPLEO DE ARMAS,12/06/2023,MASCULINO,ADULTOS,HURTO RESIDENCIAS,1
Soacha,SIN EMPLEO DE ARMAS,12/06/2023,NO APLICA,NO APLICA,HURTO ENTIDADES COMERCIALES,1
Chipaque,SIN EMPLEO DE ARMAS,12/06/2023,FEMENINO,ADULTOS,HURTO RESIDENCIAS,1
Tausa,SIN EMPLEO DE ARMAS,12/06/2023,MASCULINO,ADULTOS,HURTO RESIDENCIAS,1
Ricaurte,SIN EMPLEO DE ARMAS,12/06/2023,MASCULINO,ADULTOS,HURTO RESIDENCIAS,1
Ricaurte,SIN EMPLEO DE ARMAS,12/06/2023,FEMENINO,ADULTOS,HURTO RESIDENCIAS,1
Tocaima,SIN EMPLEO DE ARMAS,12/06/2023,MASCULINO,ADULTOS,HURTO RESIDENCIAS,1
Tocancipá,SIN EMPLEO DE ARMAS,12/06/2023,MASCULINO,ADULTOS,HURTO RESIDENCIAS,1
Chía,SIN EMPLEO DE ARMAS,12/06/2023,NO APLICA,NO APLICA,HURTO ENTIDADES COMERCIALES,1
Cajicá,SIN EMPLEO DE ARMAS,12/06/2023,NO APLICA,NO APLICA,HURTO ENTIDADES COMERCIALES,1
La Calera,SIN EMPLEO DE ARMAS,12/06/2023,MASCULINO,ADULTOS,HURTO RESIDENCIAS,1
Bogotá D.C. (CT),PALANCAS,12/06/2023,FEMENINO,ADULTOS,HURTO RESIDENCIAS,2
Bogotá D.C. (CT),ESCOPOLAMINA,12/06/2023,MASCULINO,ADULTOS,HURTO RESIDENCIAS,1
Bogotá D.C. (CT),SIN EMPLEO DE ARMAS,12/06/2023,FEMENINO,ADULTOS,HURTO RESIDENCIAS,4
Bogotá D.C. (CT),SIN EMPLEO DE ARMAS,12/06/2023,NO REPORTADO,NO REPORTADO,HURTO RESIDENCIAS,1
Chaguaní,ARMA DE FUEGO,12/06/2023,MASCULINO,ADULTOS,HURTO RESIDENCIAS,1
Bogotá D.C. (CT),ARMA BLANCA / CORTOPUNZANTE,12/06/2023,NO APLICA,NO APLICA,HURTO ENTIDADES COMERCIALES,2
El Rosal,SIN EMPLEO DE ARMAS,12/06/2023,FEMENINO,ADULTOS,HURTO RESIDENCIAS,1
Gachancipá,SIN EMPLEO DE ARMAS,12/06/2023,MASCULINO,ADULTOS,HURTO RESIDENCIAS,1
Silvania,SIN EMPLEO DE ARMAS,12/06/2023,MASCULINO,ADULTOS,HURTO RESIDENCIAS,1
Fusagasugá,SIN EMPLEO DE ARMAS,12/06/2023,MASCULINO,ADULTOS,HURTO RESIDENCIAS,2
Bogotá D.C. (CT),PALANCAS,12/06/2023,NO APLICA,NO APLICA,HURTO ENTIDADES COMERCIALES,2
Fusagasugá,SIN EMPLEO DE ARMAS,12/06/2023,FEMENINO,ADULTOS,HURTO RESIDENCIAS,1
Bogotá D.C. (CT),SIN EMPLEO DE ARMAS,12/06/2023,NO APLICA,NO APLICA,HURTO ENTIDADES COMERCIALES,10
Soacha,PALANCAS,12/06/2023,NO APLICA,NO APLICA,HURTO ENTIDADES COMERCIALES,1
Bogotá D.C. (CT),CONTUNDENTES,12/06/2023,NO APLICA,NO APLICA,HURTO ENTIDADES COMERCIALES,1
Bogotá D.C. (CT),PALANCAS,13/06/2023,FEMENINO,ADULTOS,HURTO RESIDENCIAS,1
Bogotá D.C. (CT),LLAVE MAESTRA,13/06/2023,NO APLICA,NO APLICA,HURTO ENTIDADES COMERCIALES,1
Bogotá D.C. (CT),PALANCAS,13/06/2023,NO APLICA,NO APLICA,HURTO ENTIDADES COMERCIALES,2
Bogotá D.C. (CT),LLAVE MAESTRA,13/06/2023,FEMENINO,ADULTOS,HURTO RESIDENCIAS,1
Ricaurte,PALANCAS,13/06/2023,NO APLICA,NO APLICA,HURTO ENTIDADES COMERCIALES,1
Bogotá D.C. (CT),CONTUNDENTES,13/06/2023,MASCULINO,ADULTOS,HURTO RESIDENCIAS,2
Bogotá D.C. (CT),CONTUNDENTES,13/06/2023,FEMENINO,ADULTOS,HURTO RESIDENCIAS,3
Mosquera,SIN EMPLEO DE ARMAS,13/06/2023,NO APLICA,NO APLICA,HURTO ENTIDADES COMERCIALES,2
Fusagasugá,SIN EMPLEO DE ARMAS,13/06/2023,MASCULINO,ADULTOS,HURTO RESIDENCIAS,1
Bogotá D.C. (CT),SIN EMPLEO DE ARMAS,13/06/2023,NO APLICA,NO APLICA,HURTO ENTIDADES COMERCIALES,30
Bogotá D.C. (CT),ARMA BLANCA / CORTOPUNZANTE,13/06/2023,MASCULINO,ADULTOS,HURTO RESIDENCIAS,1
Girardot,SIN EMPLEO DE ARMAS,13/06/2023,NO APLICA,NO APLICA,HURTO ENTIDADES COMERCIALES,1
Bogotá D.C. (CT),ARMA BLANCA / CORTOPUNZANTE,13/06/2023,NO APLICA,NO APLICA,HURTO ENTIDADES COMERCIALES,1
Bogotá D.C. (CT),LLAVE MAESTRA,13/06/2023,MASCULINO,ADULTOS,HURTO RESIDENCIAS,1
Bogotá D.C. (CT),SIN EMPLEO DE ARMAS,13/06/2023,MASCULINO,ADULTOS,HURTO RESIDENCIAS,5
Bogotá D.C. (CT),SIN EMPLEO DE ARMAS,13/06/2023,FEMENINO,ADULTOS,HURTO RESIDENCIAS,6
Guaduas,SIN EMPLEO DE ARMAS,13/06/2023,MASCULINO,ADULTOS,HURTO RESIDENCIAS,1
La Mesa,SIN EMPLEO DE ARMAS,13/06/2023,MASCULINO,ADULTOS,HURTO RESIDENCIAS,1
Chía,SIN EMPLEO DE ARMAS,13/06/2023,NO APLICA,NO APLICA,HURTO ENTIDADES COMERCIALES,1
Bogotá D.C. (CT),ARMA DE FUEGO,13/06/2023,MASCULINO,ADULTOS,HURTO RESIDENCIAS,1
Bogotá D.C. (CT),ARMA DE FUEGO,13/06/2023,FEMENINO,ADULTOS,HURTO RESIDENCIAS,1
Sutatausa,SIN EMPLEO DE ARMAS,13/06/2023,FEMENINO,ADULTOS,HURTO RESIDENCIAS,1
Zipaquirá,SIN EMPLEO DE ARMAS,13/06/2023,NO APLICA,NO APLICA,HURTO ENTIDADES COMERCIALES,1
Soacha,SIN EMPLEO DE ARMAS,13/06/2023,MASCULINO,ADULTOS,HURTO RESIDENCIAS,2
Soacha,SIN EMPLEO DE ARMAS,13/06/2023,NO APLICA,NO APLICA,HURTO ENTIDADES COMERCIALES,1
Chía,SIN EMPLEO DE ARMAS,13/06/2023,FEMENINO,ADULTOS,HURTO RESIDENCIAS,1
Chía,SIN EMPLEO DE ARMAS,14/06/2023,MASCULINO,ADULTOS,HURTO RESIDENCIAS,1
Bogotá D.C. (CT),CONTUNDENTES,14/06/2023,NO APLICA,NO APLICA,HURTO ENTIDADES COMERCIALES,1
Madrid,SIN EMPLEO DE ARMAS,14/06/2023,MASCULINO,ADULTOS,HURTO RESIDENCIAS,1
Bogotá D.C. (CT),SIN EMPLEO DE ARMAS,14/06/2023,MASCULINO,ADULTOS,HURTO RESIDENCIAS,8
Bogotá D.C. (CT),SIN EMPLEO DE ARMAS,14/06/2023,FEMENINO,ADULTOS,HURTO RESIDENCIAS,7
Agua de Dios,SIN EMPLEO DE ARMAS,14/06/2023,MASCULINO,ADULTOS,HURTO RESIDENCIAS,1
Bogotá D.C. (CT),PALANCAS,14/06/2023,FEMENINO,ADULTOS,HURTO RESIDENCIAS,2
Tena,SIN EMPLEO DE ARMAS,14/06/2023,FEMENINO,ADULTOS,HURTO RESIDENCIAS,1
Bogotá D.C. (CT),SIN EMPLEO DE ARMAS,14/06/2023,NO APLICA,NO APLICA,HURTO ENTIDADES COMERCIALES,15
Zipaquirá,SIN EMPLEO DE ARMAS,14/06/2023,NO APLICA,NO APLICA,HURTO ENTIDADES COMERCIALES,1
Bogotá D.C. (CT),ARMA DE FUEGO,14/06/2023,NO APLICA,NO APLICA,HURTO ENTIDADES COMERCIALES,3
Bogotá D.C. (CT),CONTUNDENTES,14/06/2023,MASCULINO,ADULTOS,HURTO RESIDENCIAS,1
Arbeláez,SIN EMPLEO DE ARMAS,14/06/2023,MASCULINO,ADULTOS,HURTO RESIDENCIAS,1
La Calera,SIN EMPLEO DE ARMAS,14/06/2023,NO APLICA,NO APLICA,HURTO ENTIDADES COMERCIALES,1
Bogotá D.C. (CT),CONTUNDENTES,14/06/2023,FEMENINO,ADULTOS,HURTO RESIDENCIAS,3
Bogotá D.C. (CT),PALANCAS,14/06/2023,NO APLICA,NO APLICA,HURTO ENTIDADES COMERCIALES,2
Soacha,SIN EMPLEO DE ARMAS,14/06/2023,MASCULINO,ADULTOS,HURTO RESIDENCIAS,1
Fusagasugá,SIN EMPLEO DE ARMAS,14/06/2023,MASCULINO,ADULTOS,HURTO RESIDENCIAS,1
Paratebueno,SIN EMPLEO DE ARMAS,14/06/2023,MASCULINO,ADULTOS,HURTO RESIDENCIAS,1
Chía,SIN EMPLEO DE ARMAS,14/06/2023,NO APLICA,NO APLICA,HURTO ENTIDADES COMERCIALES,1
Bogotá D.C. (CT),PALANCAS,14/06/2023,MASCULINO,ADULTOS,HURTO RESIDENCIAS,2
Facatativá,SIN EMPLEO DE ARMAS,14/06/2023,FEMENINO,ADULTOS,HURTO RESIDENCIAS,1
Girardot,SIN EMPLEO DE ARMAS,14/06/2023,FEMENINO,ADULTOS,HURTO RESIDENCIAS,1
Mosquera,SIN EMPLEO DE ARMAS,14/06/2023,NO APLICA,NO APLICA,HURTO ENTIDADES COMERCIALES,2
Villa de San Diego de Ubate,SIN EMPLEO DE ARMAS,14/06/2023,FEMENINO,ADULTOS,HURTO RESIDENCIAS,1
Tausa,SIN EMPLEO DE ARMAS,15/06/2023,FEMENINO,ADULTOS,HURTO RESIDENCIAS,1
Fusagasugá,SIN EMPLEO DE ARMAS,15/06/2023,MASCULINO,ADULTOS,HURTO RESIDENCIAS,1
Nilo,SIN EMPLEO DE ARMAS,15/06/2023,NO APLICA,NO APLICA,HURTO ENTIDADES COMERCIALES,1
Bogotá D.C. (CT),ARMA DE FUEGO,15/06/2023,NO APLICA,NO APLICA,HURTO ENTIDADES COMERCIALES,2
Bogotá D.C. (CT),ARMA BLANCA / CORTOPUNZANTE,15/06/2023,NO APLICA,NO APLICA,HURTO ENTIDADES COMERCIALES,2
Sopó,SIN EMPLEO DE ARMAS,15/06/2023,NO APLICA,NO APLICA,HURTO ENTIDADES COMERCIALES,1
Bogotá D.C. (CT),SIN EMPLEO DE ARMAS,15/06/2023,MASCULINO,ADULTOS,HURTO RESIDENCIAS,8
Bogotá D.C. (CT),SIN EMPLEO DE ARMAS,15/06/2023,FEMENINO,ADULTOS,HURTO RESIDENCIAS,5
Girardot,SIN EMPLEO DE ARMAS,15/06/2023,FEMENINO,ADULTOS,HURTO RESIDENCIAS,1
Soacha,SIN EMPLEO DE ARMAS,15/06/2023,NO APLICA,NO APLICA,HURTO ENTIDADES COMERCIALES,1
Bogotá D.C. (CT),CONTUNDENTES,15/06/2023,FEMENINO,ADULTOS,HURTO RESIDENCIAS,1
Bogotá D.C. (CT),LLAVE MAESTRA,15/06/2023,FEMENINO,ADULTOS,HURTO RESIDENCIAS,1
Bogotá D.C. (CT),CONTUNDENTES,15/06/2023,MASCULINO,ADULTOS,HURTO RESIDENCIAS,1
Cajicá,SIN EMPLEO DE ARMAS,15/06/2023,FEMENINO,ADULTOS,HURTO RESIDENCIAS,1
Bogotá D.C. (CT),SIN EMPLEO DE ARMAS,15/06/2023,NO APLICA,NO APLICA,HURTO ENTIDADES COMERCIALES,31
Zipaquirá,SIN EMPLEO DE ARMAS,15/06/2023,NO APLICA,NO APLICA,HURTO ENTIDADES COMERCIALES,1
Zipaquirá,SIN EMPLEO DE ARMAS,15/06/2023,FEMENINO,ADULTOS,HURTO RESIDENCIAS,1
Zipaquirá,SIN EMPLEO DE ARMAS,15/06/2023,NO APLICA,NO APLICA,HURTO ENTIDADES COMERCIALES,1
Soacha,SIN EMPLEO DE ARMAS,15/06/2023,MASCULINO,ADULTOS,HURTO RESIDENCIAS,1
Bogotá D.C. (CT),PALANCAS,15/06/2023,MASCULINO,ADULTOS,HURTO RESIDENCIAS,1
Bogotá D.C. (CT),PALANCAS,15/06/2023,FEMENINO,ADULTOS,HURTO RESIDENCIAS,2
Bogotá D.C. (CT),PALANCAS,15/06/2023,NO APLICA,NO APLICA,HURTO ENTIDADES COMERCIALES,1
Funza,SIN EMPLEO DE ARMAS,15/06/2023,MASCULINO,ADULTOS,HURTO RESIDENCIAS,1
Soacha,SIN EMPLEO DE ARMAS,15/06/2023,FEMENINO,ADULTOS,HURTO RESIDENCIAS,1
Bogotá D.C. (CT),LLAVE MAESTRA,15/06/2023,NO APLICA,NO APLICA,HURTO ENTIDADES COMERCIALES,1
Silvania,SIN EMPLEO DE ARMAS,15/06/2023,FEMENINO,ADULTOS,HURTO RESIDENCIAS,1
Bogotá D.C. (CT),ARMA DE FUEGO,16/06/2023,MASCULINO,ADULTOS,HURTO RESIDENCIAS,1
Bogotá D.C. (CT),SIN EMPLEO DE ARMAS,16/06/2023,FEMENINO,ADULTOS,HURTO RESIDENCIAS,7
Chía,SIN EMPLEO DE ARMAS,16/06/2023,NO APLICA,NO APLICA,HURTO ENTIDADES COMERCIALES,3
Funza,SIN EMPLEO DE ARMAS,16/06/2023,NO APLICA,NO APLICA,HURTO ENTIDADES COMERCIALES,1
Funza,SIN EMPLEO DE ARMAS,16/06/2023,MASCULINO,ADULTOS,HURTO RESIDENCIAS,1
Bogotá D.C. (CT),ARMA BLANCA / CORTOPUNZANTE,16/06/2023,NO APLICA,NO APLICA,HURTO ENTIDADES COMERCIALES,1
Bogotá D.C. (CT),ARMA DE FUEGO,16/06/2023,FEMENINO,ADULTOS,HURTO RESIDENCIAS,1
Bogotá D.C. (CT),PALANCAS,16/06/2023,NO APLICA,NO APLICA,HURTO ENTIDADES COMERCIALES,1
Cota,SIN EMPLEO DE ARMAS,16/06/2023,FEMENINO,ADULTOS,HURTO RESIDENCIAS,1
Zipaquirá,SIN EMPLEO DE ARMAS,16/06/2023,FEMENINO,ADULTOS,HURTO RESIDENCIAS,1
Cajicá,SIN EMPLEO DE ARMAS,16/06/2023,MASCULINO,ADULTOS,HURTO RESIDENCIAS,1
Guasca,SIN EMPLEO DE ARMAS,16/06/2023,MASCULINO,ADULTOS,HURTO RESIDENCIAS,1
Bogotá D.C. (CT),CONTUNDENTES,16/06/2023,MASCULINO,ADULTOS,HURTO RESIDENCIAS,1
Bogotá D.C. (CT),CONTUNDENTES,16/06/2023,NO APLICA,NO APLICA,HURTO ENTIDADES COMERCIALES,2
Nilo,SIN EMPLEO DE ARMAS,16/06/2023,NO APLICA,NO APLICA,HURTO ENTIDADES COMERCIALES,1
Bogotá D.C. (CT),SIN EMPLEO DE ARMAS,16/06/2023,NO APLICA,NO APLICA,HURTO ENTIDADES COMERCIALES,24
Soacha,SIN EMPLEO DE ARMAS,16/06/2023,MASCULINO,ADULTOS,HURTO RESIDENCIAS,1
Madrid,SIN EMPLEO DE ARMAS,16/06/2023,NO APLICA,NO APLICA,HURTO ENTIDADES COMERCIALES,2
Soacha,SIN EMPLEO DE ARMAS,16/06/2023,NO APLICA,NO APLICA,HURTO ENTIDADES COMERCIALES,1
Bogotá D.C. (CT),PALANCAS,16/06/2023,MASCULINO,ADULTOS,HURTO RESIDENCIAS,1
Bogotá D.C. (CT),PALANCAS,16/06/2023,FEMENINO,ADULTOS,HURTO RESIDENCIAS,1
Girardot,SIN EMPLEO DE ARMAS,16/06/2023,MASCULINO,ADULTOS,HURTO RESIDENCIAS,1
Bogotá D.C. (CT),LLAVE MAESTRA,16/06/2023,FEMENINO,ADULTOS,HURTO RESIDENCIAS,1
Fusagasugá,SIN EMPLEO DE ARMAS,16/06/2023,FEMENINO,ADULTOS,HURTO RESIDENCIAS,2
Fusagasugá,ARMA DE FUEGO,16/06/2023,MASCULINO,ADULTOS,HURTO RESIDENCIAS,1
Girardot,SIN EMPLEO DE ARMAS,16/06/2023,FEMENINO,ADULTOS,HURTO RESIDENCIAS,1
Tena,SIN EMPLEO DE ARMAS,16/06/2023,MASCULINO,ADULTOS,HURTO RESIDENCIAS,1
Bogotá D.C. (CT),SIN EMPLEO DE ARMAS,16/06/2023,MASCULINO,ADULTOS,HURTO RESIDENCIAS,11
Bogotá D.C. (CT),LLAVE MAESTRA,17/06/2023,MASCULINO,ADULTOS,HURTO RESIDENCIAS,1
Bogotá D.C. (CT),CONTUNDENTES,17/06/2023,FEMENINO,ADULTOS,HURTO RESIDENCIAS,1
Bogotá D.C. (CT),CONTUNDENTES,17/06/2023,FEMENINO,MENORES,HURTO RESIDENCIAS,1
Zipaquirá,SIN EMPLEO DE ARMAS,17/06/2023,NO APLICA,NO APLICA,HURTO ENTIDADES COMERCIALES,1
Chía,SIN EMPLEO DE ARMAS,17/06/2023,FEMENINO,ADULTOS,HURTO RESIDENCIAS,2
Funza,SIN EMPLEO DE ARMAS,17/06/2023,NO APLICA,NO APLICA,HURTO ENTIDADES COMERCIALES,1
Bogotá D.C. (CT),PALANCAS,17/06/2023,MASCULINO,ADULTOS,HURTO RESIDENCIAS,1
Bogotá D.C. (CT),CONTUNDENTES,17/06/2023,MASCULINO,ADULTOS,HURTO RESIDENCIAS,1
Bogotá D.C. (CT),SIN EMPLEO DE ARMAS,17/06/2023,FEMENINO,ADULTOS,HURTO RESIDENCIAS,4
Bogotá D.C. (CT),ARMA DE FUEGO,17/06/2023,NO APLICA,NO APLICA,HURTO ENTIDADES COMERCIALES,3
Bogotá D.C. (CT),SIN EMPLEO DE ARMAS,17/06/2023,MASCULINO,ADULTOS,HURTO RESIDENCIAS,4
Bogotá D.C. (CT),CONTUNDENTES,17/06/2023,NO APLICA,NO APLICA,HURTO ENTIDADES COMERCIALES,1
Bogotá D.C. (CT),LLAVE MAESTRA,17/06/2023,FEMENINO,ADULTOS,HURTO RESIDENCIAS,1
Girardot,SIN EMPLEO DE ARMAS,17/06/2023,NO APLICA,NO APLICA,HURTO ENTIDADES COMERCIALES,1
Bogotá D.C. (CT),ARMA BLANCA / CORTOPUNZANTE,17/06/2023,NO APLICA,NO APLICA,HURTO ENTIDADES COMERCIALES,1
Bogotá D.C. (CT),PALANCAS,17/06/2023,NO APLICA,NO APLICA,HURTO ENTIDADES COMERCIALES,2
Chocontá,SIN EMPLEO DE ARMAS,17/06/2023,FEMENINO,ADULTOS,HURTO RESIDENCIAS,1
La Mesa,SIN EMPLEO DE ARMAS,17/06/2023,MASCULINO,ADULTOS,HURTO RESIDENCIAS,1
Facatativá,SIN EMPLEO DE ARMAS,17/06/2023,FEMENINO,ADULTOS,HURTO RESIDENCIAS,3
Fusagasugá,SIN EMPLEO DE ARMAS,17/06/2023,MASCULINO,ADULTOS,HURTO RESIDENCIAS,1
Bogotá D.C. (CT),SIN EMPLEO DE ARMAS,17/06/2023,NO APLICA,NO APLICA,HURTO ENTIDADES COMERCIALES,17
Tocancipá,SIN EMPLEO DE ARMAS,18/06/2023,MASCULINO,ADULTOS,HURTO RESIDENCIAS,1
Bogotá D.C. (CT),PALANCAS,18/06/2023,MASCULINO,ADULTOS,HURTO RESIDENCIAS,1
Bogotá D.C. (CT),SIN EMPLEO DE ARMAS,18/06/2023,FEMENINO,ADULTOS,HURTO RESIDENCIAS,6
Bogotá D.C. (CT),SIN EMPLEO DE ARMAS,18/06/2023,MASCULINO,ADULTOS,HURTO RESIDENCIAS,8
Cota,SIN EMPLEO DE ARMAS,18/06/2023,MASCULINO,ADULTOS,HURTO RESIDENCIAS,1
Girardot,SIN EMPLEO DE ARMAS,18/06/2023,FEMENINO,ADULTOS,HURTO RESIDENCIAS,1
La Mesa,SIN EMPLEO DE ARMAS,18/06/2023,MASCULINO,ADULTOS,HURTO RESIDENCIAS,2
La Vega,SIN EMPLEO DE ARMAS,18/06/2023,FEMENINO,ADULTOS,HURTO RESIDENCIAS,1
Silvania,SIN EMPLEO DE ARMAS,18/06/2023,MASCULINO,ADULTOS,HURTO RESIDENCIAS,1
Soacha,SIN EMPLEO DE ARMAS,18/06/2023,FEMENINO,ADULTOS,HURTO RESIDENCIAS,1
Soacha,SIN EMPLEO DE ARMAS,18/06/2023,MASCULINO,ADULTOS,HURTO RESIDENCIAS,2
Supatá,SIN EMPLEO DE ARMAS,18/06/2023,FEMENINO,ADULTOS,HURTO RESIDENCIAS,1
Tocaima,SIN EMPLEO DE ARMAS,18/06/2023,FEMENINO,ADULTOS,HURTO RESIDENCIAS,2
Zipaquirá,SIN EMPLEO DE ARMAS,18/06/2023,FEMENINO,ADULTOS,HURTO RESIDENCIAS,1
Soacha,NO REPORTADO,18/06/2023,FEMENINO,ADULTOS,HURTO RESIDENCIAS,1
Bogotá D.C. (CT),PALANCAS,18/06/2023,NO APLICA,NO APLICA,HURTO ENTIDADES COMERCIALES,1
Arbeláez,SIN EMPLEO DE ARMAS,18/06/2023,NO APLICA,NO APLICA,HURTO ENTIDADES COMERCIALES,1
Bogotá D.C. (CT),SIN EMPLEO DE ARMAS,18/06/2023,NO APLICA,NO APLICA,HURTO ENTIDADES COMERCIALES,5
Chía,SIN EMPLEO DE ARMAS,18/06/2023,NO APLICA,NO APLICA,HURTO ENTIDADES COMERCIALES,1
Tenjo,SIN EMPLEO DE ARMAS,18/06/2023,NO APLICA,NO APLICA,HURTO ENTIDADES COMERCIALES,1
Tocaima,SIN EMPLEO DE ARMAS,18/06/2023,NO APLICA,NO APLICA,HURTO ENTIDADES COMERCIALES,1
Chía,SIN EMPLEO DE ARMAS,19/06/2023,MASCULINO,ADULTOS,HURTO RESIDENCIAS,1
Zipaquirá,SIN EMPLEO DE ARMAS,19/06/2023,MASCULINO,ADULTOS,HURTO RESIDENCIAS,1
Chía,SIN EMPLEO DE ARMAS,19/06/2023,NO APLICA,NO APLICA,HURTO ENTIDADES COMERCIALES,1
Bogotá D.C. (CT),ARMA DE FUEGO,19/06/2023,NO APLICA,NO APLICA,HURTO ENTIDADES COMERCIALES,1
Apulo,SIN EMPLEO DE ARMAS,19/06/2023,FEMENINO,ADULTOS,HURTO RESIDENCIAS,1
Guaduas,SIN EMPLEO DE ARMAS,19/06/2023,MASCULINO,ADULTOS,HURTO RESIDENCIAS,1
Bogotá D.C. (CT),CONTUNDENTES,19/06/2023,MASCULINO,ADULTOS,HURTO RESIDENCIAS,1
Ricaurte,SIN EMPLEO DE ARMAS,19/06/2023,FEMENINO,ADULTOS,HURTO RESIDENCIAS,1
Soacha,SIN EMPLEO DE ARMAS,19/06/2023,MASCULINO,ADULTOS,HURTO RESIDENCIAS,1
Tena,SIN EMPLEO DE ARMAS,19/06/2023,MASCULINO,ADULTOS,HURTO RESIDENCIAS,1
Soacha,SIN EMPLEO DE ARMAS,19/06/2023,FEMENINO,ADULTOS,HURTO RESIDENCIAS,2
Cota,SIN EMPLEO DE ARMAS,19/06/2023,MASCULINO,ADULTOS,HURTO RESIDENCIAS,1
Bogotá D.C. (CT),SIN EMPLEO DE ARMAS,19/06/2023,NO APLICA,NO APLICA,HURTO ENTIDADES COMERCIALES,14
Bogotá D.C. (CT),SIN EMPLEO DE ARMAS,19/06/2023,FEMENINO,ADULTOS,HURTO RESIDENCIAS,6
Bogotá D.C. (CT),ARMA BLANCA / CORTOPUNZANTE,19/06/2023,NO APLICA,NO APLICA,HURTO ENTIDADES COMERCIALES,2
Bogotá D.C. (CT),SIN EMPLEO DE ARMAS,19/06/2023,MASCULINO,ADOLESCENTES,HURTO RESIDENCIAS,1
Mosquera,SIN EMPLEO DE ARMAS,19/06/2023,MASCULINO,ADULTOS,HURTO RESIDENCIAS,1
Bogotá D.C. (CT),SIN EMPLEO DE ARMAS,19/06/2023,MASCULINO,ADULTOS,HURTO RESIDENCIAS,11
Bogotá D.C. (CT),LLAVE MAESTRA,19/06/2023,MASCULINO,ADULTOS,HURTO RESIDENCIAS,1
Simijaca,SIN EMPLEO DE ARMAS,19/06/2023,MASCULINO,ADULTOS,HURTO RESIDENCIAS,1
Bogotá D.C. (CT),CONTUNDENTES,19/06/2023,NO APLICA,NO APLICA,HURTO ENTIDADES COMERCIALES,1
Girardot,SIN EMPLEO DE ARMAS,19/06/2023,NO APLICA,NO APLICA,HURTO ENTIDADES COMERCIALES,1
Bogotá D.C. (CT),PALANCAS,19/06/2023,FEMENINO,ADULTOS,HURTO RESIDENCIAS,1
Funza,SIN EMPLEO DE ARMAS,19/06/2023,NO APLICA,NO APLICA,HURTO ENTIDADES COMERCIALES,1
Fúquene,SIN EMPLEO DE ARMAS,19/06/2023,MASCULINO,ADULTOS,HURTO RESIDENCIAS,1
Zipaquirá,SIN EMPLEO DE ARMAS,19/06/2023,FEMENINO,ADULTOS,HURTO RESIDENCIAS,1
Cota,SIN EMPLEO DE ARMAS,20/06/2023,NO APLICA,NO APLICA,HURTO ENTIDADES COMERCIALES,1
Bogotá D.C. (CT),CONTUNDENTES,20/06/2023,FEMENINO,ADULTOS,HURTO RESIDENCIAS,1
Soacha,SIN EMPLEO DE ARMAS,20/06/2023,NO APLICA,NO APLICA,HURTO ENTIDADES COMERCIALES,1
Fusagasugá,SIN EMPLEO DE ARMAS,20/06/2023,MASCULINO,ADULTOS,HURTO RESIDENCIAS,3
Zipaquirá,SIN EMPLEO DE ARMAS,20/06/2023,MASCULINO,ADULTOS,HURTO RESIDENCIAS,1
Bogotá D.C. (CT),SIN EMPLEO DE ARMAS,20/06/2023,MASCULINO,ADULTOS,HURTO RESIDENCIAS,8
Sibaté,CONTUNDENTES,20/06/2023,NO APLICA,NO APLICA,HURTO ENTIDADES COMERCIALES,1
Funza,SIN EMPLEO DE ARMAS,20/06/2023,MASCULINO,ADULTOS,HURTO RESIDENCIAS,1
Bogotá D.C. (CT),ARMA BLANCA / CORTOPUNZANTE,20/06/2023,NO APLICA,NO APLICA,HURTO ENTIDADES COMERCIALES,1
Bogotá D.C. (CT),SIN EMPLEO DE ARMAS,20/06/2023,NO APLICA,NO APLICA,HURTO ENTIDADES COMERCIALES,15
Bogotá D.C. (CT),ARMA DE FUEGO,20/06/2023,NO APLICA,NO APLICA,HURTO ENTIDADES COMERCIALES,1
Madrid,SIN EMPLEO DE ARMAS,20/06/2023,NO APLICA,NO APLICA,HURTO ENTIDADES COMERCIALES,1
Bogotá D.C. (CT),SIN EMPLEO DE ARMAS,20/06/2023,FEMENINO,ADULTOS,HURTO RESIDENCIAS,5
Guaduas,SIN EMPLEO DE ARMAS,20/06/2023,MASCULINO,ADULTOS,HURTO RESIDENCIAS,1
Bogotá D.C. (CT),CONTUNDENTES,20/06/2023,NO APLICA,NO APLICA,HURTO ENTIDADES COMERCIALES,1
Bogotá D.C. (CT),CONTUNDENTES,20/06/2023,MASCULINO,ADULTOS,HURTO RESIDENCIAS,1
Fusagasugá,SIN EMPLEO DE ARMAS,20/06/2023,FEMENINO,ADULTOS,HURTO RESIDENCIAS,2
Bogotá D.C. (CT),PALANCAS,20/06/2023,FEMENINO,ADULTOS,HURTO RESIDENCIAS,2
El Rosal,SIN EMPLEO DE ARMAS,20/06/2023,FEMENINO,ADULTOS,HURTO RESIDENCIAS,1
San Francisco,SIN EMPLEO DE ARMAS,20/06/2023,NO APLICA,NO APLICA,HURTO ENTIDADES COMERCIALES,1
Cajicá,SIN EMPLEO DE ARMAS,20/06/2023,NO APLICA,NO APLICA,HURTO ENTIDADES COMERCIALES,1
Girardot,SIN EMPLEO DE ARMAS,20/06/2023,MASCULINO,ADULTOS,HURTO RESIDENCIAS,1
Gachetá,SIN EMPLEO DE ARMAS,20/06/2023,MASCULINO,ADULTOS,HURTO RESIDENCIAS,1
Bogotá D.C. (CT),CONTUNDENTES,21/06/2023,NO APLICA,NO APLICA,HURTO ENTIDADES COMERCIALES,1
Bogotá D.C. (CT),ARMA BLANCA / CORTOPUNZANTE,21/06/2023,NO APLICA,NO APLICA,HURTO ENTIDADES COMERCIALES,1
Soacha,SIN EMPLEO DE ARMAS,21/06/2023,MASCULINO,ADULTOS,HURTO RESIDENCIAS,2
Soacha,SIN EMPLEO DE ARMAS,21/06/2023,FEMENINO,ADULTOS,HURTO RESIDENCIAS,1
Soacha,SIN EMPLEO DE ARMAS,21/06/2023,NO APLICA,NO APLICA,HURTO ENTIDADES COMERCIALES,1
Funza,SIN EMPLEO DE ARMAS,21/06/2023,MASCULINO,ADULTOS,HURTO RESIDENCIAS,1
Ricaurte,SIN EMPLEO DE ARMAS,21/06/2023,FEMENINO,ADULTOS,HURTO RESIDENCIAS,1
Tenjo,SIN EMPLEO DE ARMAS,21/06/2023,FEMENINO,ADULTOS,HURTO RESIDENCIAS,1
Bogotá D.C. (CT),PALANCAS,21/06/2023,MASCULINO,ADULTOS,HURTO RESIDENCIAS,2
Chía,SIN EMPLEO DE ARMAS,21/06/2023,MASCULINO,ADULTOS,HURTO RESIDENCIAS,1
Mosquera,SIN EMPLEO DE ARMAS,21/06/2023,FEMENINO,ADULTOS,HURTO RESIDENCIAS,1
Tocancipá,SIN EMPLEO DE ARMAS,21/06/2023,FEMENINO,ADULTOS,HURTO RESIDENCIAS,1
Cota,SIN EMPLEO DE ARMAS,21/06/2023,FEMENINO,ADULTOS,HURTO RESIDENCIAS,1
Mosquera,SIN EMPLEO DE ARMAS,21/06/2023,NO APLICA,NO APLICA,HURTO ENTIDADES COMERCIALES,1
Sopó,SIN EMPLEO DE ARMAS,21/06/2023,FEMENINO,ADULTOS,HURTO RESIDENCIAS,1
Chocontá,SIN EMPLEO DE ARMAS,21/06/2023,FEMENINO,ADULTOS,HURTO RESIDENCIAS,1
Bogotá D.C. (CT),SIN EMPLEO DE ARMAS,21/06/2023,NO APLICA,NO APLICA,HURTO ENTIDADES COMERCIALES,18
Bogotá D.C. (CT),SIN EMPLEO DE ARMAS,21/06/2023,MASCULINO,ADULTOS,HURTO RESIDENCIAS,7
Zipaquirá,SIN EMPLEO DE ARMAS,21/06/2023,NO APLICA,NO APLICA,HURTO ENTIDADES COMERCIALES,1
Zipaquirá,SIN EMPLEO DE ARMAS,21/06/2023,MASCULINO,ADULTOS,HURTO RESIDENCIAS,1
Bogotá D.C. (CT),ARMA DE FUEGO,21/06/2023,NO APLICA,NO APLICA,HURTO ENTIDADES COMERCIALES,2
Funza,SIN EMPLEO DE ARMAS,21/06/2023,NO APLICA,NO APLICA,HURTO ENTIDADES COMERCIALES,1
Madrid,NO REPORTADO,21/06/2023,NO APLICA,NO APLICA,HURTO ENTIDADES COMERCIALES,1
Bogotá D.C. (CT),PALANCAS,21/06/2023,NO APLICA,NO APLICA,HURTO ENTIDADES COMERCIALES,5
Bogotá D.C. (CT),LLAVE MAESTRA,21/06/2023,MASCULINO,ADULTOS,HURTO RESIDENCIAS,1
Nilo,SIN EMPLEO DE ARMAS,21/06/2023,NO APLICA,NO APLICA,HURTO ENTIDADES COMERCIALES,1
Bogotá D.C. (CT),SIN EMPLEO DE ARMAS,21/06/2023,FEMENINO,ADULTOS,HURTO RESIDENCIAS,12
Tenjo,SIN EMPLEO DE ARMAS,22/06/2023,NO APLICA,NO APLICA,HURTO ENTIDADES COMERCIALES,1
Bogotá D.C. (CT),PALANCAS,22/06/2023,NO APLICA,NO APLICA,HURTO ENTIDADES COMERCIALES,1
Bogotá D.C. (CT),PALANCAS,22/06/2023,FEMENINO,ADULTOS,HURTO RESIDENCIAS,2
Agua de Dios,SIN EMPLEO DE ARMAS,22/06/2023,MASCULINO,ADULTOS,HURTO RESIDENCIAS,1
Bogotá D.C. (CT),ESCOPOLAMINA,22/06/2023,MASCULINO,ADULTOS,HURTO RESIDENCIAS,1
Simijaca,SIN EMPLEO DE ARMAS,22/06/2023,MASCULINO,ADULTOS,HURTO RESIDENCIAS,1
Soacha,ARMA BLANCA / CORTOPUNZANTE,22/06/2023,MASCULINO,ADULTOS,HURTO RESIDENCIAS,1
Villa de San Diego de Ubate,SIN EMPLEO DE ARMAS,22/06/2023,MASCULINO,ADULTOS,HURTO RESIDENCIAS,1
Sibaté,SIN EMPLEO DE ARMAS,22/06/2023,MASCULINO,ADULTOS,HURTO RESIDENCIAS,1
Bogotá D.C. (CT),SIN EMPLEO DE ARMAS,22/06/2023,NO APLICA,NO APLICA,HURTO ENTIDADES COMERCIALES,17
La Mesa,SIN EMPLEO DE ARMAS,22/06/2023,MASCULINO,ADULTOS,HURTO RESIDENCIAS,1
Madrid,SIN EMPLEO DE ARMAS,22/06/2023,NO APLICA,NO APLICA,HURTO ENTIDADES COMERCIALES,1
Soacha,SIN EMPLEO DE ARMAS,22/06/2023,FEMENINO,ADULTOS,HURTO RESIDENCIAS,2
Girardot,SIN EMPLEO DE ARMAS,22/06/2023,MASCULINO,ADULTOS,HURTO RESIDENCIAS,1
Girardot,SIN EMPLEO DE ARMAS,22/06/2023,FEMENINO,ADULTOS,HURTO RESIDENCIAS,1
Cota,NO REPORTADO,22/06/2023,NO APLICA,NO APLICA,HURTO ENTIDADES COMERCIALES,1
Bogotá D.C. (CT),LLAVE MAESTRA,22/06/2023,FEMENINO,ADULTOS,HURTO RESIDENCIAS,1
La Palma,SIN EMPLEO DE ARMAS,22/06/2023,NO APLICA,NO APLICA,HURTO ENTIDADES COMERCIALES,1
Bogotá D.C. (CT),ARMA BLANCA / CORTOPUNZANTE,22/06/2023,NO APLICA,NO APLICA,HURTO ENTIDADES COMERCIALES,1
Bogotá D.C. (CT),NO REPORTADO,22/06/2023,NO APLICA,NO APLICA,HURTO ENTIDADES COMERCIALES,1
Tausa,SIN EMPLEO DE ARMAS,22/06/2023,NO APLICA,NO APLICA,HURTO ENTIDADES COMERCIALES,1
Fúquene,SIN EMPLEO DE ARMAS,22/06/2023,MASCULINO,ADULTOS,HURTO RESIDENCIAS,1
Bogotá D.C. (CT),ARMA DE FUEGO,22/06/2023,NO APLICA,NO APLICA,HURTO ENTIDADES COMERCIALES,1
Chía,SIN EMPLEO DE ARMAS,22/06/2023,NO APLICA,NO APLICA,HURTO ENTIDADES COMERCIALES,1
Cota,SIN EMPLEO DE ARMAS,22/06/2023,MASCULINO,ADULTOS,HURTO RESIDENCIAS,1
Tenjo,ARMA DE FUEGO,22/06/2023,NO APLICA,NO APLICA,HURTO ENTIDADES COMERCIALES,1
Bogotá D.C. (CT),SIN EMPLEO DE ARMAS,22/06/2023,FEMENINO,ADULTOS,HURTO RESIDENCIAS,4
Bogotá D.C. (CT),CONTUNDENTES,22/06/2023,FEMENINO,ADULTOS,HURTO RESIDENCIAS,1
Bogotá D.C. (CT),CONTUNDENTES,22/06/2023,MASCULINO,ADULTOS,HURTO RESIDENCIAS,1
Chía,SIN EMPLEO DE ARMAS,22/06/2023,FEMENINO,ADULTOS,HURTO RESIDENCIAS,1
Bogotá D.C. (CT),CONTUNDENTES,22/06/2023,NO APLICA,NO APLICA,HURTO ENTIDADES COMERCIALES,3
Bogotá D.C. (CT),SIN EMPLEO DE ARMAS,22/06/2023,MASCULINO,ADULTOS,HURTO RESIDENCIAS,5
Agua de Dios,SIN EMPLEO DE ARMAS,23/06/2023,MASCULINO,ADULTOS,HURTO RESIDENCIAS,1
Mosquera,SIN EMPLEO DE ARMAS,23/06/2023,FEMENINO,ADULTOS,HURTO RESIDENCIAS,2
Tabio,SIN EMPLEO DE ARMAS,23/06/2023,MASCULINO,ADULTOS,HURTO RESIDENCIAS,1
Bogotá D.C. (CT),PALANCAS,23/06/2023,NO APLICA,NO APLICA,HURTO ENTIDADES COMERCIALES,2
Sibaté,SIN EMPLEO DE ARMAS,23/06/2023,FEMENINO,ADULTOS,HURTO RESIDENCIAS,1
Bogotá D.C. (CT),PALANCAS,23/06/2023,FEMENINO,ADULTOS,HURTO RESIDENCIAS,1
Bogotá D.C. (CT),NO REPORTADO,23/06/2023,NO APLICA,NO APLICA,HURTO ENTIDADES COMERCIALES,1
Nemocón,SIN EMPLEO DE ARMAS,23/06/2023,NO APLICA,NO APLICA,HURTO ENTIDADES COMERCIALES,1
Sibaté,SIN EMPLEO DE ARMAS,23/06/2023,MASCULINO,ADULTOS,HURTO RESIDENCIAS,1
Bogotá D.C. (CT),LLAVE MAESTRA,23/06/2023,NO APLICA,NO APLICA,HURTO ENTIDADES COMERCIALES,1
Cajicá,SIN EMPLEO DE ARMAS,23/06/2023,FEMENINO,ADULTOS,HURTO RESIDENCIAS,2
Bogotá D.C. (CT),SIN EMPLEO DE ARMAS,23/06/2023,FEMENINO,ADULTOS,HURTO RESIDENCIAS,8
Bogotá D.C. (CT),CONTUNDENTES,23/06/2023,NO APLICA,NO APLICA,HURTO ENTIDADES COMERCIALES,2
Chía,CONTUNDENTES,23/06/2023,NO APLICA,NO APLICA,HURTO ENTIDADES COMERCIALES,1
Cajicá,SIN EMPLEO DE ARMAS,23/06/2023,MASCULINO,ADULTOS,HURTO RESIDENCIAS,1
Facatativá,SIN EMPLEO DE ARMAS,23/06/2023,NO APLICA,NO APLICA,HURTO ENTIDADES COMERCIALES,2
Fusagasugá,SIN EMPLEO DE ARMAS,23/06/2023,MASCULINO,ADULTOS,HURTO RESIDENCIAS,3
Bogotá D.C. (CT),CONTUNDENTES,23/06/2023,MASCULINO,ADULTOS,HURTO RESIDENCIAS,2
Guasca,SIN EMPLEO DE ARMAS,23/06/2023,FEMENINO,ADULTOS,HURTO RESIDENCIAS,1
Soacha,SIN EMPLEO DE ARMAS,23/06/2023,MASCULINO,ADULTOS,HURTO RESIDENCIAS,1
Zipaquirá,SIN EMPLEO DE ARMAS,23/06/2023,MASCULINO,ADULTOS,HURTO RESIDENCIAS,1
Bogotá D.C. (CT),SIN EMPLEO DE ARMAS,23/06/2023,MASCULINO,ADULTOS,HURTO RESIDENCIAS,8
Bogotá D.C. (CT),ARMA DE FUEGO,23/06/2023,NO APLICA,NO APLICA,HURTO ENTIDADES COMERCIALES,1
Guasca,SIN EMPLEO DE ARMAS,23/06/2023,MASCULINO,ADULTOS,HURTO RESIDENCIAS,1
Bogotá D.C. (CT),SIN EMPLEO DE ARMAS,23/06/2023,NO APLICA,NO APLICA,HURTO ENTIDADES COMERCIALES,33
Bogotá D.C. (CT),CONTUNDENTES,24/06/2023,FEMENINO,ADULTOS,HURTO RESIDENCIAS,1
Bogotá D.C. (CT),LLAVE MAESTRA,24/06/2023,FEMENINO,ADULTOS,HURTO RESIDENCIAS,1
Mosquera,SIN EMPLEO DE ARMAS,24/06/2023,MASCULINO,ADULTOS,HURTO RESIDENCIAS,2
Bogotá D.C. (CT),ARMA DE FUEGO,24/06/2023,MASCULINO,ADULTOS,HURTO RESIDENCIAS,1
Madrid,SIN EMPLEO DE ARMAS,24/06/2023,MASCULINO,ADULTOS,HURTO RESIDENCIAS,2
Lenguazaque,SIN EMPLEO DE ARMAS,24/06/2023,MASCULINO,ADULTOS,HURTO RESIDENCIAS,2
Zipaquirá,SIN EMPLEO DE ARMAS,24/06/2023,FEMENINO,ADULTOS,HURTO RESIDENCIAS,1
Zipaquirá,SIN EMPLEO DE ARMAS,24/06/2023,MASCULINO,ADULTOS,HURTO RESIDENCIAS,1
Villeta,SIN EMPLEO DE ARMAS,24/06/2023,NO APLICA,NO APLICA,HURTO ENTIDADES COMERCIALES,1
Girardot,SIN EMPLEO DE ARMAS,24/06/2023,MASCULINO,ADULTOS,HURTO RESIDENCIAS,1
Soacha,SIN EMPLEO DE ARMAS,24/06/2023,MASCULINO,ADULTOS,HURTO RESIDENCIAS,2
Gachancipá,SIN EMPLEO DE ARMAS,24/06/2023,FEMENINO,ADULTOS,HURTO RESIDENCIAS,1
Fúquene,SIN EMPLEO DE ARMAS,24/06/2023,MASCULINO,ADULTOS,HURTO RESIDENCIAS,1
Bogotá D.C. (CT),ARMA DE FUEGO,24/06/2023,NO APLICA,NO APLICA,HURTO ENTIDADES COMERCIALES,3
Cota,SIN EMPLEO DE ARMAS,24/06/2023,FEMENINO,ADULTOS,HURTO RESIDENCIAS,1
Chía,SIN EMPLEO DE ARMAS,24/06/2023,FEMENINO,ADULTOS,HURTO RESIDENCIAS,1
Bogotá D.C. (CT),CONTUNDENTES,24/06/2023,NO APLICA,NO APLICA,HURTO ENTIDADES COMERCIALES,4
Bogotá D.C. (CT),SIN EMPLEO DE ARMAS,24/06/2023,MASCULINO,ADULTOS,HURTO RESIDENCIAS,5
Bogotá D.C. (CT),SIN EMPLEO DE ARMAS,24/06/2023,FEMENINO,ADULTOS,HURTO RESIDENCIAS,5
Mosquera,SIN EMPLEO DE ARMAS,24/06/2023,NO APLICA,NO APLICA,HURTO ENTIDADES COMERCIALES,1
Bogotá D.C. (CT),SIN EMPLEO DE ARMAS,24/06/2023,NO APLICA,NO APLICA,HURTO ENTIDADES COMERCIALES,17
Cachipay,SIN EMPLEO DE ARMAS,24/06/2023,NO APLICA,NO APLICA,HURTO ENTIDADES COMERCIALES,1
Chía,SIN EMPLEO DE ARMAS,24/06/2023,NO APLICA,NO APLICA,HURTO ENTIDADES COMERCIALES,1
Cota,SIN EMPLEO DE ARMAS,24/06/2023,NO APLICA,NO APLICA,HURTO ENTIDADES COMERCIALES,2
Bogotá D.C. (CT),PALANCAS,24/06/2023,MASCULINO,ADULTOS,HURTO RESIDENCIAS,2
Bogotá D.C. (CT),PALANCAS,24/06/2023,FEMENINO,ADULTOS,HURTO RESIDENCIAS,1
Bogotá D.C. (CT),CONTUNDENTES,25/06/2023,NO APLICA,NO APLICA,HURTO ENTIDADES COMERCIALES,1
Bogotá D.C. (CT),SIN EMPLEO DE ARMAS,25/06/2023,MASCULINO,ADULTOS,HURTO RESIDENCIAS,4
Bogotá D.C. (CT),SIN EMPLEO DE ARMAS,25/06/2023,FEMENINO,ADULTOS,HURTO RESIDENCIAS,1
Bogotá D.C. (CT),ARMA BLANCA / CORTOPUNZANTE,25/06/2023,FEMENINO,ADULTOS,HURTO RESIDENCIAS,2
Cogua,SIN EMPLEO DE ARMAS,25/06/2023,MASCULINO,ADULTOS,HURTO RESIDENCIAS,1
Fusagasugá,SIN EMPLEO DE ARMAS,25/06/2023,MASCULINO,ADULTOS,HURTO RESIDENCIAS,1
Apulo,SIN EMPLEO DE ARMAS,25/06/2023,FEMENINO,ADULTOS,HURTO RESIDENCIAS,1
Bogotá D.C. (CT),ARMA BLANCA / CORTOPUNZANTE,25/06/2023,NO APLICA,NO APLICA,HURTO ENTIDADES COMERCIALES,2
Gachancipá,SIN EMPLEO DE ARMAS,25/06/2023,FEMENINO,ADULTOS,HURTO RESIDENCIAS,1
Madrid,SIN EMPLEO DE ARMAS,25/06/2023,MASCULINO,ADULTOS,HURTO RESIDENCIAS,1
Bogotá D.C. (CT),SIN EMPLEO DE ARMAS,25/06/2023,NO APLICA,NO APLICA,HURTO ENTIDADES COMERCIALES,10
Soacha,SIN EMPLEO DE ARMAS,25/06/2023,MASCULINO,ADULTOS,HURTO RESIDENCIAS,2
Tocancipá,SIN EMPLEO DE ARMAS,25/06/2023,MASCULINO,ADULTOS,HURTO RESIDENCIAS,1
Bogotá D.C. (CT),ESCOPOLAMINA,25/06/2023,MASCULINO,ADULTOS,HURTO RESIDENCIAS,1
Sasaima,SIN EMPLEO DE ARMAS,25/06/2023,MASCULINO,ADULTOS,HURTO RESIDENCIAS,1
Bogotá D.C. (CT),LLAVE MAESTRA,25/06/2023,FEMENINO,ADULTOS,HURTO RESIDENCIAS,2
Bogotá D.C. (CT),LLAVE MAESTRA,25/06/2023,MASCULINO,ADULTOS,HURTO RESIDENCIAS,2
Girardot,SIN EMPLEO DE ARMAS,25/06/2023,NO APLICA,NO APLICA,HURTO ENTIDADES COMERCIALES,1
Bogotá D.C. (CT),CONTUNDENTES,25/06/2023,MASCULINO,ADULTOS,HURTO RESIDENCIAS,2
Bogotá D.C. (CT),ARMA BLANCA / CORTOPUNZANTE,25/06/2023,MASCULINO,MENORES,HURTO RESIDENCIAS,1
Bogotá D.C. (CT),SIN EMPLEO DE ARMAS,26/06/2023,FEMENINO,ADOLESCENTES,HURTO RESIDENCIAS,1
Bogotá D.C. (CT),ARMA BLANCA / CORTOPUNZANTE,26/06/2023,MASCULINO,ADULTOS,HURTO RESIDENCIAS,1
Bogotá D.C. (CT),LLAVE MAESTRA,26/06/2023,NO APLICA,NO APLICA,HURTO ENTIDADES COMERCIALES,1
Bogotá D.C. (CT),LLAVE MAESTRA,26/06/2023,FEMENINO,ADULTOS,HURTO RESIDENCIAS,1
Bogotá D.C. (CT),PALANCAS,26/06/2023,NO APLICA,NO APLICA,HURTO ENTIDADES COMERCIALES,1
Zipaquirá,SIN EMPLEO DE ARMAS,26/06/2023,MASCULINO,ADULTOS,HURTO RESIDENCIAS,1
Bogotá D.C. (CT),SIN EMPLEO DE ARMAS,26/06/2023,MASCULINO,ADULTOS,HURTO RESIDENCIAS,6
Nilo,ARMA DE FUEGO,26/06/2023,MASCULINO,ADULTOS,HURTO RESIDENCIAS,1
Soacha,SIN EMPLEO DE ARMAS,26/06/2023,MASCULINO,ADULTOS,HURTO RESIDENCIAS,3
Madrid,SIN EMPLEO DE ARMAS,26/06/2023,FEMENINO,ADULTOS,HURTO RESIDENCIAS,1
Bogotá D.C. (CT),PALANCAS,26/06/2023,FEMENINO,ADULTOS,HURTO RESIDENCIAS,1
Bogotá D.C. (CT),PALANCAS,26/06/2023,MASCULINO,ADULTOS,HURTO RESIDENCIAS,3
Chía,SIN EMPLEO DE ARMAS,26/06/2023,NO APLICA,NO APLICA,HURTO ENTIDADES COMERCIALES,1
Bogotá D.C. (CT),SIN EMPLEO DE ARMAS,26/06/2023,NO APLICA,NO APLICA,HURTO ENTIDADES COMERCIALES,15
Bogotá D.C. (CT),CONTUNDENTES,26/06/2023,NO APLICA,NO APLICA,HURTO ENTIDADES COMERCIALES,1
Sibaté,SIN EMPLEO DE ARMAS,26/06/2023,MASCULINO,ADULTOS,HURTO RESIDENCIAS,1
Anolaima,SIN EMPLEO DE ARMAS,26/06/2023,MASCULINO,ADULTOS,HURTO RESIDENCIAS,1
Madrid,SIN EMPLEO DE ARMAS,26/06/2023,MASCULINO,ADULTOS,HURTO RESIDENCIAS,1
Soacha,SIN EMPLEO DE ARMAS,26/06/2023,FEMENINO,ADULTOS,HURTO RESIDENCIAS,2
Tausa,SIN EMPLEO DE ARMAS,26/06/2023,NO APLICA,NO APLICA,HURTO ENTIDADES COMERCIALES,1
Bogotá D.C. (CT),SIN EMPLEO DE ARMAS,26/06/2023,FEMENINO,ADULTOS,HURTO RESIDENCIAS,6
Bogotá D.C. (CT),CONTUNDENTES,26/06/2023,FEMENINO,ADULTOS,HURTO RESIDENCIAS,2
Bogotá D.C. (CT),PALANCAS,27/06/2023,FEMENINO,ADULTOS,HURTO RESIDENCIAS,1
Bogotá D.C. (CT),ARMA BLANCA / CORTOPUNZANTE,27/06/2023,NO APLICA,NO APLICA,HURTO ENTIDADES COMERCIALES,3
Funza,SIN EMPLEO DE ARMAS,27/06/2023,NO APLICA,NO APLICA,HURTO ENTIDADES COMERCIALES,1
Soacha,SIN EMPLEO DE ARMAS,27/06/2023,FEMENINO,ADULTOS,HURTO RESIDENCIAS,1
Zipacón,SIN EMPLEO DE ARMAS,27/06/2023,MASCULINO,ADULTOS,HURTO RESIDENCIAS,1
Bogotá D.C. (CT),SIN EMPLEO DE ARMAS,27/06/2023,NO APLICA,NO APLICA,HURTO ENTIDADES COMERCIALES,21
Silvania,SIN EMPLEO DE ARMAS,27/06/2023,MASCULINO,ADULTOS,HURTO RESIDENCIAS,1
Madrid,SIN EMPLEO DE ARMAS,27/06/2023,NO APLICA,NO APLICA,HURTO ENTIDADES COMERCIALES,1
Cajicá,SIN EMPLEO DE ARMAS,27/06/2023,MASCULINO,ADULTOS,HURTO RESIDENCIAS,2
Bogotá D.C. (CT),PALANCAS,27/06/2023,NO APLICA,NO APLICA,HURTO ENTIDADES COMERCIALES,3
Subachoque,SIN EMPLEO DE ARMAS,27/06/2023,MASCULINO,ADULTOS,HURTO RESIDENCIAS,1
Bogotá D.C. (CT),CONTUNDENTES,27/06/2023,FEMENINO,ADULTOS,HURTO RESIDENCIAS,3
Bogotá D.C. (CT),SIN EMPLEO DE ARMAS,27/06/2023,MASCULINO,ADULTOS,HURTO RESIDENCIAS,7
Bogotá D.C. (CT),SIN EMPLEO DE ARMAS,27/06/2023,FEMENINO,ADULTOS,HURTO RESIDENCIAS,6
Bogotá D.C. (CT),LLAVE MAESTRA,27/06/2023,MASCULINO,ADULTOS,HURTO RESIDENCIAS,1
Bogotá D.C. (CT),CONTUNDENTES,27/06/2023,NO APLICA,NO APLICA,HURTO ENTIDADES COMERCIALES,1
Choachí,SIN EMPLEO DE ARMAS,27/06/2023,FEMENINO,ADULTOS,HURTO RESIDENCIAS,1
Bogotá D.C. (CT),PALANCAS,27/06/2023,MASCULINO,ADULTOS,HURTO RESIDENCIAS,3
Subachoque,SIN EMPLEO DE ARMAS,27/06/2023,FEMENINO,ADULTOS,HURTO RESIDENCIAS,1
Cajicá,ARMA DE FUEGO,27/06/2023,NO APLICA,NO APLICA,HURTO ENTIDADES COMERCIALES,1
Fusagasugá,SIN EMPLEO DE ARMAS,27/06/2023,MASCULINO,ADULTOS,HURTO RESIDENCIAS,1
Gachancipá,SIN EMPLEO DE ARMAS,28/06/2023,FEMENINO,ADULTOS,HURTO RESIDENCIAS,1
Soacha,SIN EMPLEO DE ARMAS,28/06/2023,FEMENINO,ADULTOS,HURTO RESIDENCIAS,1
Soacha,SIN EMPLEO DE ARMAS,28/06/2023,MASCULINO,ADULTOS,HURTO RESIDENCIAS,1
Bogotá D.C. (CT),ARMA BLANCA / CORTOPUNZANTE,28/06/2023,FEMENINO,ADULTOS,HURTO RESIDENCIAS,1
Tabio,SIN EMPLEO DE ARMAS,28/06/2023,MASCULINO,ADULTOS,HURTO RESIDENCIAS,1
Tocancipá,SIN EMPLEO DE ARMAS,28/06/2023,FEMENINO,ADULTOS,HURTO RESIDENCIAS,1
Madrid,SIN EMPLEO DE ARMAS,28/06/2023,MASCULINO,ADULTOS,HURTO RESIDENCIAS,1
Zipaquirá,SIN EMPLEO DE ARMAS,28/06/2023,FEMENINO,ADULTOS,HURTO RESIDENCIAS,1
Girardot,SIN EMPLEO DE ARMAS,28/06/2023,MASCULINO,ADULTOS,HURTO RESIDENCIAS,1
Bogotá D.C. (CT),ARMA BLANCA / CORTOPUNZANTE,28/06/2023,NO APLICA,NO APLICA,HURTO ENTIDADES COMERCIALES,1
Bogotá D.C. (CT),ARMA DE FUEGO,28/06/2023,NO APLICA,NO APLICA,HURTO ENTIDADES COMERCIALES,2
Cogua,SIN EMPLEO DE ARMAS,28/06/2023,MASCULINO,ADULTOS,HURTO RESIDENCIAS,1
Cajicá,SIN EMPLEO DE ARMAS,28/06/2023,FEMENINO,ADULTOS,HURTO RESIDENCIAS,1
Bogotá D.C. (CT),LLAVE MAESTRA,28/06/2023,NO APLICA,NO APLICA,HURTO ENTIDADES COMERCIALES,1
Bogotá D.C. (CT),SIN EMPLEO DE ARMAS,28/06/2023,MASCULINO,ADULTOS,HURTO RESIDENCIAS,6
Bogotá D.C. (CT),SIN EMPLEO DE ARMAS,28/06/2023,FEMENINO,ADULTOS,HURTO RESIDENCIAS,4
Bogotá D.C. (CT),PALANCAS,28/06/2023,NO APLICA,NO APLICA,HURTO ENTIDADES COMERCIALES,1
Bogotá D.C. (CT),SIN EMPLEO DE ARMAS,28/06/2023,NO APLICA,NO APLICA,HURTO ENTIDADES COMERCIALES,13
Bogotá D.C. (CT),PALANCAS,28/06/2023,FEMENINO,ADULTOS,HURTO RESIDENCIAS,4
Bogotá D.C. (CT),LLAVE MAESTRA,28/06/2023,FEMENINO,ADULTOS,HURTO RESIDENCIAS,1
Madrid,SIN EMPLEO DE ARMAS,28/06/2023,NO APLICA,NO APLICA,HURTO ENTIDADES COMERCIALES,2
Bogotá D.C. (CT),CONTUNDENTES,28/06/2023,MASCULINO,ADULTOS,HURTO RESIDENCIAS,1
Bogotá D.C. (CT),CONTUNDENTES,28/06/2023,FEMENINO,ADULTOS,HURTO RESIDENCIAS,2
Mosquera,SIN EMPLEO DE ARMAS,29/06/2023,NO APLICA,NO APLICA,HURTO ENTIDADES COMERCIALES,1
Soacha,SIN EMPLEO DE ARMAS,29/06/2023,NO APLICA,NO APLICA,HURTO ENTIDADES COMERCIALES,1
Bogotá D.C. (CT),PALANCAS,29/06/2023,NO APLICA,NO APLICA,HURTO ENTIDADES COMERCIALES,1
Bogotá D.C. (CT),SIN EMPLEO DE ARMAS,29/06/2023,FEMENINO,ADULTOS,HURTO RESIDENCIAS,8
Bogotá D.C. (CT),SIN EMPLEO DE ARMAS,29/06/2023,MASCULINO,ADULTOS,HURTO RESIDENCIAS,2
Bogotá D.C. (CT),ARMA BLANCA / CORTOPUNZANTE,29/06/2023,NO APLICA,NO APLICA,HURTO ENTIDADES COMERCIALES,2
Facatativá,SIN EMPLEO DE ARMAS,29/06/2023,NO APLICA,NO APLICA,HURTO ENTIDADES COMERCIALES,1
Zipaquirá,SIN EMPLEO DE ARMAS,29/06/2023,NO APLICA,NO APLICA,HURTO ENTIDADES COMERCIALES,1
Bogotá D.C. (CT),PALANCAS,29/06/2023,FEMENINO,ADULTOS,HURTO RESIDENCIAS,1
Bogotá D.C. (CT),NO REPORTADO,29/06/2023,MASCULINO,ADULTOS,HURTO RESIDENCIAS,1
Zipaquirá,SIN EMPLEO DE ARMAS,29/06/2023,FEMENINO,ADULTOS,HURTO RESIDENCIAS,1
Villa de San Diego de Ubate,SIN EMPLEO DE ARMAS,29/06/2023,MASCULINO,ADULTOS,HURTO RESIDENCIAS,1
Madrid,SIN EMPLEO DE ARMAS,29/06/2023,FEMENINO,ADULTOS,HURTO RESIDENCIAS,3
Madrid,SIN EMPLEO DE ARMAS,29/06/2023,MASCULINO,ADULTOS,HURTO RESIDENCIAS,1
Bogotá D.C. (CT),CONTUNDENTES,29/06/2023,MASCULINO,ADULTOS,HURTO RESIDENCIAS,1
Caparrapí,SIN EMPLEO DE ARMAS,29/06/2023,FEMENINO,ADULTOS,HURTO RESIDENCIAS,2
Tocancipá,SIN EMPLEO DE ARMAS,29/06/2023,MASCULINO,ADULTOS,HURTO RESIDENCIAS,1
Soacha,SIN EMPLEO DE ARMAS,29/06/2023,MASCULINO,ADULTOS,HURTO RESIDENCIAS,1
Chía,SIN EMPLEO DE ARMAS,29/06/2023,FEMENINO,ADULTOS,HURTO RESIDENCIAS,3
Pacho,SIN EMPLEO DE ARMAS,29/06/2023,MASCULINO,ADULTOS,HURTO RESIDENCIAS,1
Chía,SIN EMPLEO DE ARMAS,29/06/2023,MASCULINO,ADULTOS,HURTO RESIDENCIAS,1
Soacha,SIN EMPLEO DE ARMAS,29/06/2023,FEMENINO,ADULTOS,HURTO RESIDENCIAS,2
Bogotá D.C. (CT),LLAVE MAESTRA,29/06/2023,MASCULINO,ADULTOS,HURTO RESIDENCIAS,2
Bogotá D.C. (CT),ARMA DE FUEGO,29/06/2023,NO APLICA,NO APLICA,HURTO ENTIDADES COMERCIALES,2
Funza,SIN EMPLEO DE ARMAS,29/06/2023,NO APLICA,NO APLICA,HURTO ENTIDADES COMERCIALES,1
Bogotá D.C. (CT),SIN EMPLEO DE ARMAS,29/06/2023,NO APLICA,NO APLICA,HURTO ENTIDADES COMERCIALES,17
Anapoima,SIN EMPLEO DE ARMAS,29/06/2023,FEMENINO,ADULTOS,HURTO RESIDENCIAS,1
Bogotá D.C. (CT),LLAVE MAESTRA,30/06/2023,MASCULINO,ADULTOS,HURTO RESIDENCIAS,2
El Rosal,SIN EMPLEO DE ARMAS,30/06/2023,NO APLICA,NO APLICA,HURTO ENTIDADES COMERCIALES,1
Soacha,SIN EMPLEO DE ARMAS,30/06/2023,FEMENINO,ADULTOS,HURTO RESIDENCIAS,1
Bogotá D.C. (CT),PALANCAS,30/06/2023,MASCULINO,ADULTOS,HURTO RESIDENCIAS,4
Bogotá D.C. (CT),SIN EMPLEO DE ARMAS,30/06/2023,NO APLICA,NO APLICA,HURTO ENTIDADES COMERCIALES,25
Bogotá D.C. (CT),SIN EMPLEO DE ARMAS,30/06/2023,FEMENINO,ADULTOS,HURTO RESIDENCIAS,1
Bogotá D.C. (CT),SIN EMPLEO DE ARMAS,30/06/2023,MASCULINO,ADULTOS,HURTO RESIDENCIAS,7
Bogotá D.C. (CT),SIN EMPLEO DE ARMAS,30/06/2023,MASCULINO,MENORES,HURTO RESIDENCIAS,1
Bogotá D.C. (CT),CONTUNDENTES,30/06/2023,NO APLICA,NO APLICA,HURTO ENTIDADES COMERCIALES,3
Bogotá D.C. (CT),ARMA DE FUEGO,30/06/2023,NO APLICA,NO APLICA,HURTO ENTIDADES COMERCIALES,4
El Colegio,SIN EMPLEO DE ARMAS,30/06/2023,FEMENINO,ADULTOS,HURTO RESIDENCIAS,1
Facatativá,SIN EMPLEO DE ARMAS,30/06/2023,MASCULINO,ADULTOS,HURTO RESIDENCIAS,1
Funza,SIN EMPLEO DE ARMAS,30/06/2023,MASCULINO,ADULTOS,HURTO RESIDENCIAS,1
Fusagasugá,SIN EMPLEO DE ARMAS,30/06/2023,FEMENINO,ADULTOS,HURTO RESIDENCIAS,1
Bogotá D.C. (CT),ARMA DE FUEGO,30/06/2023,MASCULINO,ADULTOS,HURTO RESIDENCIAS,1
Bogotá D.C. (CT),ARMA BLANCA / CORTOPUNZANTE,30/06/2023,NO APLICA,NO APLICA,HURTO ENTIDADES COMERCIALES,2
Gachancipá,SIN EMPLEO DE ARMAS,30/06/2023,FEMENINO,ADULTOS,HURTO RESIDENCIAS,1
Bogotá D.C. (CT),ARMA DE FUEGO,30/06/2023,FEMENINO,ADULTOS,HURTO RESIDENCIAS,1
Tocancipá,SIN EMPLEO DE ARMAS,30/06/2023,MASCULINO,ADULTOS,HURTO RESIDENCIAS,1
Silvania,SIN EMPLEO DE ARMAS,30/06/2023,FEMENINO,ADULTOS,HURTO RESIDENCIAS,1
Bogotá D.C. (CT),ARMA BLANCA / CORTOPUNZANTE,30/06/2023,MASCULINO,ADULTOS,HURTO RESIDENCIAS,1
Bogotá D.C. (CT),ARMA BLANCA / CORTOPUNZANTE,30/06/2023,FEMENINO,ADULTOS,HURTO RESIDENCIAS,2
Paratebueno,SIN EMPLEO DE ARMAS,30/06/2023,MASCULINO,ADULTOS,HURTO RESIDENCIAS,1
Sasaima,SIN EMPLEO DE ARMAS,30/06/2023,FEMENINO,ADULTOS,HURTO RESIDENCIAS,1
Bogotá D.C. (CT),LLAVE MAESTRA,30/06/2023,FEMENINO,ADULTOS,HURTO RESIDENCIAS,1
